;AAPL;AMZN;GOOGL
2016-01-04;26.337499618530273;31.84950065612793;37.97200012207031
2016-01-05;25.677499771118164;31.68950080871582;38.076499938964844
2016-01-06;25.174999237060547;31.63249969482422;37.96649932861328
2016-01-07;24.112499237060547;30.39699935913086;37.04999923706055
2016-01-08;24.239999771118164;30.352500915527344;36.545501708984375
2016-01-11;24.63249969482422;30.886999130249023;36.653499603271484
2016-01-12;24.989999771118164;30.894500732421875;37.266998291015625
2016-01-13;24.34749984741211;29.090499877929688;35.97850036621094
2016-01-14;24.8799991607666;29.649999618530273;36.56949996948242
2016-01-15;24.282499313354492;28.509000778198242;35.52450180053711
2016-01-19;24.165000915527344;28.724000930786133;35.95399856567383
2016-01-20;24.197500228881836;28.588499069213867;35.928001403808594
2016-01-21;24.075000762939453;28.750999450683594;36.333499908447266
2016-01-22;25.354999542236328;29.819000244140625;37.27299880981445
2016-01-25;24.860000610351562;29.826499938964844;36.680999755859375
2016-01-26;24.997499465942383;30.0625;36.68949890136719
2016-01-27;23.354999542236328;29.167499542236328;35.87900161743164
2016-01-28;23.522499084472656;31.767499923706055;37.415000915527344
2016-01-29;24.334999084472656;29.350000381469727;38.067501068115234
2016-02-01;24.107500076293945;28.74049949645996;38.53850173950195
2016-02-02;23.6200008392334;27.604999542236328;39.045501708984375
2016-02-03;24.087499618530273;26.553499221801758;37.46900177001953
2016-02-04;24.149999618530273;26.812999725341797;36.50149917602539
2016-02-05;23.5049991607666;25.10650062561035;35.1879997253418
2016-02-08;23.752500534057617;24.405000686645508;35.20800018310547
2016-02-09;23.747499465942383;24.103500366210938;35.05099868774414
2016-02-10;23.5674991607666;24.52400016784668;35.342498779296875
2016-02-11;23.424999237060547;25.19099998474121;35.31800079345703
2016-02-12;23.497499465942383;25.354000091552734;35.34450149536133
2016-02-16;24.15999984741211;26.05500030517578;35.88199996948242
2016-02-17;24.530000686645508;26.704999923706055;36.5984992980957
2016-02-18;24.065000534057617;26.25;35.8754997253418
2016-02-19;24.010000228881836;26.7450008392334;36.105499267578125
2016-02-22;24.219999313354492;27.975000381469727;36.45249938964844
2016-02-23;23.672500610351562;27.64699935913086;35.864498138427734
2016-02-24;24.024999618530273;27.70199966430664;36.04499816894531
2016-02-25;24.190000534057617;27.75749969482422;36.45600128173828
2016-02-26;24.227500915527344;27.761499404907227;36.24300003051758
2016-02-29;24.172500610351562;27.625999450683594;35.861000061035156
2016-03-01;25.13249969482422;28.95199966430664;37.10850143432617
2016-03-02;25.1875;29.010499954223633;36.9739990234375
2016-03-03;25.375;28.874500274658203;36.579498291015625
2016-03-04;25.752500534057617;28.756999969482422;36.51100158691406
2016-03-07;25.467500686645508;28.139999389648438;35.63999938964844
2016-03-08;25.25749969482422;28.01300048828125;35.67649841308594
2016-03-09;25.280000686645508;27.973499298095703;36.27050018310547
2016-03-10;25.292499542236328;27.946500778198242;36.60850143432617
2016-03-11;25.565000534057617;28.480499267578125;37.243499755859375
2016-03-14;25.6299991607666;28.668500900268555;37.512001037597656
2016-03-15;26.145000457763672;28.85099983215332;37.528499603271484
2016-03-16;26.49250030517578;28.713499069213867;37.86800003051758
2016-03-17;26.450000762939453;27.972000122070312;37.92399978637695
2016-03-18;26.479999542236328;27.604000091552734;37.77050018310547
2016-03-21;26.477500915527344;27.698999404907227;38.108001708984375
2016-03-22;26.68000030517578;28.02400016784668;38.002498626708984
2016-03-23;26.532499313354492;28.48150062561035;37.87799835205078
2016-03-24;26.417499542236328;29.147499084472656;37.742000579833984
2016-03-28;26.297500610351562;28.993499755859375;37.66400146484375
2016-03-29;26.920000076293945;29.69300079345703;38.294498443603516
2016-03-30;27.389999389648438;29.934499740600586;38.41699981689453
2016-03-31;27.247499465942383;29.68199920654297;38.14500045776367
2016-04-01;27.497499465942383;29.924999237060547;38.48350143432617
2016-04-04;27.780000686645508;29.659500122070312;38.25600051879883
2016-04-05;27.452499389648438;29.30699920654297;37.92850112915039
2016-04-06;27.739999771118164;30.104000091552734;38.403499603271484
2016-04-07;27.135000228881836;29.571500778198242;38.00600051879883
2016-04-08;27.165000915527344;29.729999542236328;37.9734992980957
2016-04-11;27.2549991607666;29.796499252319336;37.87699890136719
2016-04-12;27.610000610351562;30.15850067138672;38.215999603271484
2016-04-13;28.010000228881836;30.740999221801758;38.59550094604492
2016-04-14;28.024999618530273;31.037500381469727;38.769500732421875
2016-04-15;27.462499618530273;31.29450035095215;39.0
2016-04-18;26.8700008392334;31.767499923706055;39.38399887084961
2016-04-19;26.727500915527344;31.395000457763672;38.8125
2016-04-20;26.782499313354492;31.649499893188477;38.74599838256836
2016-04-21;26.49250030517578;31.549999237060547;39.0
2016-04-22;26.420000076293945;31.024999618530273;36.88850021362305
2016-04-25;26.270000457763672;31.309999465942383;37.11050033569336
2016-04-26;26.087499618530273;30.8439998626709;36.26850128173828
2016-04-27;24.454999923706055;30.328500747680664;36.073001861572266
2016-04-28;23.707500457763672;30.100000381469727;35.25299835205078
2016-04-29;23.434999465942383;32.97949981689453;35.39400100708008
2016-05-02;23.40999984741211;34.192501068115234;35.72050094604492
2016-05-03;23.795000076293945;33.566001892089844;35.422000885009766
2016-05-04;23.547500610351562;33.54499816894531;35.56850051879883
2016-05-05;23.309999465942383;32.954498291015625;35.73550033569336
2016-05-06;23.18000030517578;33.6974983215332;36.25899887084961
2016-05-09;23.197500228881836;33.98749923706055;36.45650100708008
2016-05-10;23.354999542236328;35.153499603271484;36.96900177001953
2016-05-11;23.127500534057617;35.6614990234375;36.52750015258789
2016-05-12;22.584999084472656;35.89649963378906;36.403499603271484
2016-05-13;22.6299991607666;35.49599838256836;36.24150085449219
2016-05-16;23.469999313354492;35.53300094604492;36.51499938964844
2016-05-17;23.372499465942383;34.76350021362305;36.009498596191406
2016-05-18;23.639999389648438;34.872501373291016;36.0890007019043
2016-05-19;23.549999237060547;34.92599868774414;35.765499114990234
2016-05-20;23.80500030517578;35.13999938964844;36.08549880981445
2016-05-23;24.107500076293945;34.837501525878906;35.86249923706055
2016-05-24;24.475000381469727;35.209999084472656;36.6515007019043
2016-05-25;24.905000686645508;35.41749954223633;36.904998779296875
2016-05-26;25.102500915527344;35.74549865722656;36.846500396728516
2016-05-27;25.087499618530273;35.61199951171875;37.380001068115234
2016-05-31;24.96500015258789;36.13949966430664;37.442501068115234
2016-06-01;24.614999771118164;35.97200012207031;37.42300033569336
2016-06-02;24.43000030517578;36.4119987487793;37.2135009765625
2016-06-03;24.479999542236328;36.277000427246094;36.792999267578125
2016-06-06;24.657499313354492;36.33649826049805;36.50299835205078
2016-06-07;24.75749969482422;36.1870002746582;36.554500579833984
2016-06-08;24.735000610351562;36.332000732421875;37.14649963378906
2016-06-09;24.912500381469727;36.38249969482422;37.125999450683594
2016-06-10;24.707500457763672;35.89550018310547;36.65950012207031
2016-06-13;24.334999084472656;35.762001037597656;36.59400177001953
2016-06-14;24.364999771118164;35.96500015258789;36.662498474121094
2016-06-15;24.28499984741211;35.7130012512207;36.609500885009766
2016-06-16;24.387500762939453;35.8754997253418;36.212501525878906
2016-06-17;23.832500457763672;35.31949996948242;35.212501525878906
2016-06-20;23.774999618530273;35.70050048828125;35.30649948120117
2016-06-21;23.977500915527344;35.79100036621094;35.444000244140625
2016-06-22;23.887500762939453;35.529998779296875;35.52349853515625
2016-06-23;24.024999618530273;36.104000091552734;35.743499755859375
2016-06-24;23.350000381469727;34.948001861572266;34.2599983215332
2016-06-27;23.010000228881836;34.56800079345703;34.05699920654297
2016-06-28;23.397499084472656;35.397499084472656;34.5629997253418
2016-06-29;23.600000381469727;35.779998779296875;34.759498596191406
2016-06-30;23.899999618530273;35.78099822998047;35.17649841308594
2016-07-01;23.97249984741211;36.284000396728516;35.51250076293945
2016-07-05;23.747499465942383;36.404998779296875;35.24449920654297
2016-07-06;23.88249969482422;36.88050079345703;35.44850158691406
2016-07-07;23.985000610351562;36.82849884033203;35.362998962402344
2016-07-08;24.170000076293945;37.29050064086914;35.888999938964844
2016-07-11;24.2450008392334;37.68899917602539;36.36000061035156
2016-07-12;24.354999542236328;37.410499572753906;36.6254997253418
2016-07-13;24.217500686645508;37.131500244140625;36.4739990234375
2016-07-14;24.697500228881836;37.060001373291016;36.790000915527344
2016-07-15;24.69499969482422;36.77199935913086;36.78150177001953
2016-07-18;24.957500457763672;36.80350112915039;37.65999984741211
2016-07-19;24.967500686645508;36.997501373291016;37.670501708984375
2016-07-20;24.989999771118164;37.2859992980957;37.854000091552734
2016-07-21;24.857500076293945;37.221500396728516;37.72050094604492
2016-07-22;24.665000915527344;37.24300003051758;37.9640007019043
2016-07-25;24.334999084472656;36.980499267578125;37.875999450683594
2016-07-26;24.167499542236328;36.77949905395508;37.88249969482422
2016-07-27;25.737499237060547;36.833499908447266;38.0984992980957
2016-07-28;26.084999084472656;37.63050079345703;38.29199981689453
2016-07-29;26.052499771118164;37.94049835205078;39.56700134277344
2016-08-01;26.512500762939453;38.387001037597656;40.047000885009766
2016-08-02;26.1200008392334;38.02899932861328;40.00600051879883
2016-08-03;26.447500228881836;37.731998443603516;39.94599914550781
2016-08-04;26.467500686645508;38.03850173950195;39.86249923706055
2016-08-05;26.8700008392334;38.29899978637695;40.346500396728516
2016-08-08;27.092500686645508;38.327999114990234;40.26150131225586
2016-08-09;27.202499389648438;38.41550064086914;40.374000549316406
2016-08-10;27.0;38.428001403808594;40.42449951171875
2016-08-11;26.982500076293945;38.5620002746582;40.40999984741211
2016-08-12;27.045000076293945;38.62799835205078;40.352500915527344
2016-08-15;27.3700008392334;38.42449951171875;40.29800033569336
2016-08-16;27.344999313354492;38.20199966430664;40.05950164794922
2016-08-17;27.30500030517578;38.23149871826172;40.270999908447266
2016-08-18;27.270000457763672;38.222999572753906;40.13750076293945
2016-08-19;27.34000015258789;37.865501403808594;39.98249816894531
2016-08-22;27.127500534057617;37.9739990234375;39.84749984741211
2016-08-23;27.212499618530273;38.122501373291016;39.829498291015625
2016-08-24;27.00749969482422;37.86249923706055;39.68000030517578
2016-08-25;26.892499923706055;37.96099853515625;39.564998626708984
2016-08-26;26.735000610351562;38.45000076293945;39.6609992980957
2016-08-29;26.704999923706055;38.56449890136719;39.79100036621094
2016-08-30;26.5;38.37900161743164;39.59600067138672
2016-08-31;26.524999618530273;38.45800018310547;39.49250030517578
2016-09-01;26.6825008392334;38.53099822998047;39.56999969482422
2016-09-02;26.9325008392334;38.62200164794922;39.84349822998047
2016-09-06;26.924999237060547;39.44350051879883;40.4010009765625
2016-09-07;27.09000015258789;39.2239990234375;40.39950180053711
2016-09-08;26.3799991607666;39.202999114990234;40.141998291015625
2016-09-09;25.782499313354492;38.00699996948242;39.42399978637695
2016-09-12;26.360000610351562;38.574501037597656;39.941001892089844
2016-09-13;26.987499237060547;38.050498962402344;39.43600082397461
2016-09-14;27.9424991607666;38.054500579833984;39.52299880981445
2016-09-15;28.892499923706055;38.484500885009766;40.061500549316406
2016-09-16;28.729999542236328;38.92599868774414;39.89849853515625
2016-09-19;28.395000457763672;38.755001068115234;39.769500732421875
2016-09-20;28.392499923706055;39.01100158691406;39.98899841308594
2016-09-21;28.387500762939453;39.48699951171875;40.25149917602539
2016-09-22;28.655000686645508;40.23500061035156;40.79750061035156
2016-09-23;28.177499771118164;40.287498474121094;40.74800109863281
2016-09-26;28.219999313354492;39.95800018310547;40.13249969482422
2016-09-27;28.272499084472656;40.80550003051758;40.5364990234375
2016-09-28;28.487499237060547;41.43600082397461;40.50299835205078
2016-09-29;28.045000076293945;41.45249938964844;40.13199996948242
2016-09-30;28.262500762939453;41.865501403808594;40.202999114990234
2016-10-03;28.1299991607666;41.83700180053711;40.01900100708008
2016-10-04;28.25;41.701499938964844;40.13949966430664
2016-10-05;28.262500762939453;42.21799850463867;40.061500549316406
2016-10-06;28.47249984741211;42.08300018310547;40.15399932861328
2016-10-07;28.514999389648438;41.971500396728516;40.035499572753906
2016-10-10;29.012500762939453;42.08549880981445;40.708499908447266
2016-10-11;29.075000762939453;41.54999923706055;40.47850036621094
2016-10-12;29.334999084472656;41.704498291015625;40.5885009765625
2016-10-13;29.2450008392334;41.4640007019043;40.20399856567383
2016-10-14;29.407499313354492;41.14799880981445;40.22999954223633
2016-10-17;29.387500762939453;40.647499084472656;40.34199905395508
2016-10-18;29.36750030517578;40.88249969482422;41.074501037597656
2016-10-19;29.280000686645508;40.884498596191406;41.34199905395508
2016-10-20;29.264999389648438;40.51599884033203;41.08150100708008
2016-10-21;29.149999618530273;40.949501037597656;41.202999114990234
2016-10-24;29.412500381469727;41.90449905395508;41.7869987487793
2016-10-25;29.5625;41.75899887084961;41.4275016784668
2016-10-26;28.897499084472656;41.12950134277344;41.10499954223633
2016-10-27;28.6200008392334;40.917999267578125;40.86750030517578
2016-10-28;28.43000030517578;38.816001892089844;40.97800064086914
2016-10-31;28.385000228881836;39.49100112915039;40.494998931884766
2016-11-01;27.872499465942383;39.27050018310547;40.27399826049805
2016-11-02;27.897499084472656;38.27799987792969;39.42100143432617
2016-11-03;27.457500457763672;38.35150146484375;39.109500885009766
2016-11-04;27.209999084472656;37.752498626708984;39.05500030517578
2016-11-07;27.602500915527344;39.246498107910156;40.10150146484375
2016-11-08;27.764999389648438;39.38750076293945;40.5989990234375
2016-11-09;27.719999313354492;38.59400177001953;40.27949905395508
2016-11-10;26.947500228881836;37.11899948120117;39.01449966430664
2016-11-11;27.107500076293945;36.95050048828125;38.587501525878906
2016-11-14;26.427499771118164;35.95349884033203;37.6609992980957
2016-11-15;26.77750015258789;37.1619987487793;38.757999420166016
2016-11-16;27.497499465942383;37.324501037597656;38.999000549316406
2016-11-17;27.487499237060547;37.81999969482422;39.30799865722656
2016-11-18;27.514999389648438;38.007999420166016;38.798500061035156
2016-11-21;27.9325008392334;39.0;39.2400016784668
2016-11-22;27.950000762939453;39.26649856567383;39.25
2016-11-23;27.8075008392334;39.00600051879883;38.95000076293945
2016-11-25;27.947500228881836;39.01850128173828;39.01150131225586
2016-11-28;27.892499923706055;38.3385009765625;39.28950119018555
2016-11-29;27.864999771118164;38.125999450683594;39.47200012207031
2016-11-30;27.6299991607666;37.528499603271484;38.79399871826172
2016-12-01;27.372499465942383;37.182498931884766;38.21649932861328
2016-12-02;27.475000381469727;37.016998291015625;38.222999572753906
2016-12-05;27.27750015258789;37.96799850463867;38.9109992980957
2016-12-06;27.487499237060547;38.236000061035156;38.808998107910156
2016-12-07;27.75749969482422;38.520999908447266;39.57350158691406
2016-12-08;28.030000686645508;38.36650085449219;39.75849914550781
2016-12-09;28.487499237060547;38.43299865722656;40.47249984741211
2016-12-12;28.325000762939453;38.00600051879883;40.39500045776367
2016-12-13;28.797500610351562;38.71699905395508;40.766998291015625
2016-12-14;28.797500610351562;38.441001892089844;40.894500732421875
2016-12-15;28.954999923706055;38.04999923706055;40.782501220703125
2016-12-16;28.99250030517578;37.88850021362305;40.492000579833984
2016-12-19;29.15999984741211;38.29999923706055;40.625
2016-12-20;29.237499237060547;38.56100082397461;40.7599983215332
2016-12-21;29.264999389648438;38.529998779296875;40.61000061035156
2016-12-22;29.072500228881836;38.31700134277344;40.48400115966797
2016-12-23;29.1299991607666;38.02949905395508;40.38999938964844
2016-12-27;29.315000534057617;38.56999969482422;40.496498107910156
2016-12-28;29.190000534057617;38.60649871826172;40.22850036621094
2016-12-29;29.1825008392334;38.25749969482422;40.14400100708008
2016-12-30;28.954999923706055;37.493499755859375;39.622501373291016
2017-01-03;29.037500381469727;37.68349838256836;40.4005012512207
2017-01-04;29.0049991607666;37.85900115966797;40.38850021362305
2017-01-05;29.15250015258789;39.022499084472656;40.6510009765625
2017-01-06;29.477500915527344;39.79949951171875;41.260501861572266
2017-01-09;29.747499465942383;39.84600067138672;41.35900115966797
2017-01-10;29.77750015258789;39.79499816894531;41.300498962402344
2017-01-11;29.9375;39.95100021362305;41.49300003051758
2017-01-12;29.8125;40.68199920654297;41.47650146484375
2017-01-13;29.760000228881836;40.856998443603516;41.547000885009766
2017-01-17;30.0;40.486000061035156;41.37300109863281
2017-01-18;29.997499465942383;40.374000549316406;41.45100021362305
2017-01-19;29.94499969482422;40.45199966430664;41.21849822998047
2017-01-20;30.0;40.416500091552734;41.40850067138672
2017-01-23;30.020000457763672;40.89400100708008;42.221500396728516
2017-01-24;29.99250030517578;41.12200164794922;42.47650146484375
2017-01-25;30.469999313354492;41.82600021362305;42.92250061035156
2017-01-26;30.485000610351562;41.95750045776367;42.8489990234375
2017-01-27;30.487499237060547;41.78850173950195;42.25149917602539
2017-01-30;30.407499313354492;41.51900100708008;41.19150161743164
2017-01-31;30.337499618530273;41.17399978637695;41.009498596191406
2017-02-01;32.1875;41.61750030517578;40.762001037597656
2017-02-02;32.13249969482422;41.997501373291016;40.91299819946289
2017-02-03;32.27000045776367;40.5099983215332;41.006500244140625
2017-02-06;32.5724983215332;40.38199996948242;41.08100128173828
2017-02-07;32.88249969482422;40.625;41.46149826049805
2017-02-08;33.0099983215332;40.98550033569336;41.49399948120117
2017-02-09;33.10499954223633;41.06800079345703;41.50299835205078
2017-02-10;33.029998779296875;41.37300109863281;41.74250030517578
2017-02-13;33.3224983215332;41.826499938964844;41.948001861572266
2017-02-14;33.755001068115234;41.81949996948242;42.00149917602539
2017-02-15;33.877498626708984;42.1349983215332;41.86600112915039
2017-02-16;33.837501525878906;42.207000732421875;42.10850143432617
2017-02-17;33.93000030517578;42.253501892089844;42.32749938964844
2017-02-21;34.17499923706055;42.821998596191406;42.4635009765625
2017-02-22;34.27750015258789;42.78049850463867;42.56800079345703
2017-02-23;34.13249969482422;42.609500885009766;42.54999923706055
2017-02-24;34.165000915527344;42.262001037597656;42.390499114990234
2017-02-27;34.23249816894531;42.43199920654297;42.48350143432617
2017-02-28;34.247501373291016;42.25199890136719;42.246498107910156
2017-03-01;34.9474983215332;42.65399932861328;42.837501525878906
2017-03-02;34.7400016784668;42.445499420166016;42.49250030517578
2017-03-03;34.94499969482422;42.49399948120117;42.45399856567383
2017-03-06;34.834999084472656;42.330501556396484;42.36349868774414
2017-03-07;34.880001068115234;42.30099868774414;42.557498931884766
2017-03-08;34.75;42.525001525878906;42.68199920654297
2017-03-09;34.66999816894531;42.650001525878906;42.891998291015625
2017-03-10;34.78499984741211;42.62300109863281;43.070499420166016
2017-03-13;34.79999923706055;42.72949981689453;43.229000091552734
2017-03-14;34.747501373291016;42.62649917602539;43.295501708984375
2017-03-15;35.1150016784668;42.64849853515625;43.419498443603516
2017-03-16;35.17250061035156;42.67100143432617;43.5
2017-03-17;34.997501373291016;42.615501403808594;43.618499755859375
2017-03-20;35.3650016784668;42.8484992980957;43.39550018310547
2017-03-21;34.959999084472656;42.15999984741211;42.50699996948242
2017-03-22;35.35499954223633;42.40299987792969;42.4900016784668
2017-03-23;35.22999954223633;42.36899948120117;41.98249816894531
2017-03-24;35.15999984741211;42.28049850463867;41.75699996948242
2017-03-27;35.220001220703125;42.340999603271484;41.925498962402344
2017-03-28;35.95000076293945;42.79999923706055;42.03150177001953
2017-03-29;36.029998779296875;43.715999603271484;42.493499755859375
2017-03-30;35.98249816894531;43.81700134277344;42.4739990234375
2017-03-31;35.915000915527344;44.32699966430664;42.38999938964844
2017-04-03;35.92499923706055;44.57550048828125;42.837501525878906
2017-04-04;36.192501068115234;45.34149932861328;42.628501892089844
2017-04-05;36.005001068115234;45.4640007019043;42.445499420166016
2017-04-06;35.915000915527344;44.91400146484375;42.255001068115234
2017-04-07;35.834999084472656;44.74399948120117;42.10499954223633
2017-04-10;35.79249954223633;45.35200119018555;42.084999084472656
2017-04-11;35.407501220703125;45.11800003051758;41.99399948120117
2017-04-12;35.45000076293945;44.811500549316406;42.073001861572266
2017-04-13;35.26250076293945;44.23350143432617;42.00899887084961
2017-04-17;35.45750045776367;45.0994987487793;42.756500244140625
2017-04-18;35.29999923706055;45.18899917602539;42.699501037597656
2017-04-19;35.16999816894531;44.959999084472656;42.82550048828125
2017-04-20;35.61000061035156;45.10300064086914;43.00400161743164
2017-04-21;35.567501068115234;44.92649841308594;42.9474983215332
2017-04-24;35.90999984741211;45.37049865722656;43.94649887084961
2017-04-25;36.13249969482422;45.38100051879883;44.44200134277344
2017-04-26;35.91999816894531;45.464500427246094;44.457000732421875
2017-04-27;35.9474983215332;45.91899871826172;44.571998596191406
2017-04-28;35.912498474121094;46.2495002746582;46.22600173950195
2017-05-01;36.64500045776367;47.4114990234375;46.64099884033203
2017-05-02;36.877498626708984;47.34700012207031;46.85449981689453
2017-05-03;36.76499938964844;47.05149841308594;47.42250061035156
2017-05-04;36.63249969482422;46.87649917602539;47.736000061035156
2017-05-05;37.2400016784668;46.70750045776367;47.513999938964844
2017-05-08;38.252498626708984;47.45199966430664;47.93450164794922
2017-05-09;38.497501373291016;47.64099884033203;47.83549880981445
2017-05-10;38.314998626708984;47.4474983215332;47.742000579833984
2017-05-11;38.48749923706055;47.38100051879883;47.794498443603516
2017-05-12;39.025001525878906;48.067501068115234;47.75699996948242
2017-05-15;38.92499923706055;47.89849853515625;47.96099853515625
2017-05-16;38.86750030517578;48.30350112915039;48.230499267578125
2017-05-17;37.5625;47.237998962402344;47.10850143432617
2017-05-18;38.1349983215332;47.92449951171875;47.525001525878906
2017-05-19;38.26499938964844;47.992000579833984;47.73249816894531
2017-05-22;38.497501373291016;48.53350067138672;48.20349884033203
2017-05-23;38.45000076293945;48.57699966430664;48.52750015258789
2017-05-24;38.334999084472656;49.01750183105469;48.88050079345703
2017-05-25;38.467498779296875;49.66899871826172;49.59299850463867
2017-05-26;38.40250015258789;49.78900146484375;49.66350173950195
2017-05-30;38.41749954223633;49.834999084472656;49.80849838256836
2017-05-31;38.189998626708984;49.73099899291992;49.35449981689453
2017-06-01;38.29499816894531;49.79750061035156;49.41450119018555
2017-06-02;38.86249923706055;50.33649826049805;49.805999755859375
2017-06-05;38.48249816894531;50.56700134277344;50.194000244140625
2017-06-06;38.61249923706055;50.150001525878906;49.83399963378906
2017-06-07;38.842498779296875;50.503501892089844;50.07500076293945
2017-06-08;38.747501373291016;50.51350021362305;50.2140007019043
2017-06-09;37.244998931884766;48.91550064086914;48.50600051879883
2017-06-12;36.35499954223633;48.24549865722656;48.09049987792969
2017-06-13;36.647499084472656;49.03950119018555;48.525001525878906
2017-06-14;36.290000915527344;48.82350158691406;48.39649963378906
2017-06-15;36.0724983215332;48.208499908447266;48.00899887084961
2017-06-16;35.567501068115234;49.385501861572266;47.930999755859375
2017-06-19;36.584999084472656;49.75849914550781;48.76100158691406
2017-06-20;36.252498626708984;49.62950134277344;48.449501037597656
2017-06-21;36.467498779296875;50.11149978637695;48.929500579833984
2017-06-22;36.407501220703125;50.064998626708984;48.83100128173828
2017-06-23;36.56999969482422;50.1870002746582;49.304500579833984
2017-06-26;36.45500183105469;49.69900131225586;48.60449981689453
2017-06-27;35.932498931884766;48.8390007019043;47.40449905395508
2017-06-28;36.45750045776367;49.51649856567383;48.050498962402344
2017-06-29;35.91999816894531;48.79650115966797;46.89099884033203
2017-06-30;36.005001068115234;48.400001525878906;46.48400115966797
2017-07-03;35.875;47.68299865722656;45.972999572753906
2017-07-05;36.022499084472656;48.56999969482422;46.612998962402344
2017-07-06;35.682498931884766;48.25699996948242;46.384498596191406
2017-07-07;36.04499816894531;48.9379997253418;47.04050064086914
2017-07-10;36.26499938964844;49.82350158691406;47.54999923706055
2017-07-11;36.38249969482422;49.70650100708008;47.67649841308594
2017-07-12;36.435001373291016;50.32550048828125;48.382999420166016
2017-07-13;36.942501068115234;50.03150177001953;48.442501068115234
2017-07-14;37.2599983215332;50.09049987792969;48.84550094604492
2017-07-17;37.38999938964844;50.50199890136719;48.79800033569336
2017-07-18;37.52000045776367;51.22249984741211;49.34749984741211
2017-07-19;37.755001068115234;51.34349822998047;49.63850021362305
2017-07-20;37.584999084472656;51.435001373291016;49.609500885009766
2017-07-21;37.567501068115234;51.28350067138672;49.69200134277344
2017-07-24;38.022499084472656;51.9474983215332;49.91550064086914
2017-07-25;38.185001373291016;51.993499755859375;48.451499938964844
2017-07-26;38.3650016784668;52.63999938964844;48.265499114990234
2017-07-27;37.63999938964844;52.29999923706055;47.6254997253418
2017-07-28;37.375;51.00199890136719;47.916500091552734
2017-07-31;37.182498931884766;49.388999938964844;47.275001525878906
2017-08-01;37.51250076293945;49.80950164794922;47.327999114990234
2017-08-02;39.28499984741211;49.794498443603516;47.38199996948242
2017-08-03;38.89250183105469;49.34600067138672;47.01499938964844
2017-08-04;39.09749984741211;49.37900161743164;47.28950119018555
2017-08-07;39.70249938964844;49.61349868774414;47.287498474121094
2017-08-08;40.02000045776367;49.492000579833984;47.20949935913086
2017-08-09;40.26499938964844;49.10049819946289;47.00400161743164
2017-08-10;38.83000183105469;47.84600067138672;46.179500579833984
2017-08-11;39.369998931884766;48.39950180053711;46.50450134277344
2017-08-14;39.962501525878906;49.165000915527344;46.94649887084961
2017-08-15;40.400001525878906;49.137001037597656;46.90399932861328
2017-08-16;40.23749923706055;48.909000396728516;47.2135009765625
2017-08-17;39.46500015258789;48.028499603271484;46.382999420166016
2017-08-18;39.375;47.923500061035156;46.308998107910156
2017-08-21;39.3025016784668;47.66450119018555;46.04349899291992
2017-08-22;39.94499969482422;48.345001220703125;47.02000045776367
2017-08-23;39.994998931884766;47.900001525878906;47.12900161743164
2017-08-24;39.817501068115234;47.622501373291016;46.84450149536133
2017-08-25;39.96500015258789;47.26300048828125;46.525001525878906
2017-08-28;40.36750030517578;47.30099868774414;46.40650177001953
2017-08-29;40.727500915527344;47.702999114990234;46.787498474121094
2017-08-30;40.837501525878906;48.37950134277344;47.18149948120117
2017-08-31;41.0;49.029998779296875;47.762001037597656
2017-09-01;41.01250076293945;48.912498474121094;47.5994987487793
2017-09-05;40.52000045776367;48.26350021362305;47.07400131225586
2017-09-06;40.477500915527344;48.38999938964844;47.10100173950195
2017-09-07;40.314998626708984;48.9734992980957;47.49449920654297
2017-09-08;39.657501220703125;48.29499816894531;47.070499420166016
2017-09-11;40.375;48.89799880981445;47.16450119018555
2017-09-12;40.21500015258789;49.12900161743164;47.33250045776367
2017-09-13;39.912498474121094;49.97999954223633;47.52199935913086
2017-09-14;39.56999969482422;49.61050033569336;47.006500244140625
2017-09-15;39.970001220703125;49.339500427246094;46.76449966430664
2017-09-18;39.66749954223633;48.70949935913086;46.48749923706055
2017-09-19;39.682498931884766;48.49300003051758;46.84299850463867
2017-09-20;39.01750183105469;48.660499572753906;47.37699890136719
2017-09-21;38.34749984741211;48.23249816894531;47.377498626708984
2017-09-22;37.97249984741211;47.755001068115234;47.16299819946289
2017-09-25;37.63750076293945;46.989498138427734;46.7140007019043
2017-09-26;38.28499984741211;46.93000030517578;46.871498107910156
2017-09-27;38.557498931884766;47.54349899291992;47.994998931884766
2017-09-28;38.31999969482422;47.81999969482422;48.240501403808594
2017-09-29;38.529998779296875;48.067501068115234;48.68600082397461
2017-10-02;38.45249938964844;47.95949935913086;48.37350082397461
2017-10-03;38.619998931884766;47.85499954223633;48.604000091552734
2017-10-04;38.369998931884766;48.272499084472656;48.3390007019043
2017-10-05;38.84749984741211;49.04249954223633;49.259498596191406
2017-10-06;38.82500076293945;49.479000091552734;49.68199920654297
2017-10-09;38.959999084472656;49.54949951171875;49.615501403808594
2017-10-10;38.974998474121094;49.36000061035156;49.38999938964844
2017-10-11;39.13750076293945;49.75;50.282501220703125
2017-10-12;39.0;50.04650115966797;50.282501220703125
2017-10-13;39.247501373291016;50.14699935913086;50.39350128173828
2017-10-16;39.970001220703125;50.31700134277344;50.467498779296875
2017-10-17;40.11750030517578;50.45650100708008;50.54999923706055
2017-10-18;39.939998626708984;49.849998474121094;50.637001037597656
2017-10-19;38.994998931884766;49.330501556396484;50.09199905395508
2017-10-20;39.0625;49.14550018310547;50.253501892089844
2017-10-23;39.04249954223633;48.314998626708984;49.277000427246094
2017-10-24;39.275001525878906;48.79499816894531;49.42449951171875
2017-10-25;39.102500915527344;48.64550018310547;49.573001861572266
2017-10-26;39.352500915527344;48.621498107910156;49.57099914550781
2017-10-27;40.76250076293945;55.04750061035156;51.68349838256836
2017-10-30;41.68000030517578;55.54249954223633;51.65650177001953
2017-10-31;42.2599983215332;55.263999938964844;51.652000427246094
2017-11-01;41.72249984741211;55.183998107910156;52.130001068115234
2017-11-02;42.02750015258789;54.71099853515625;52.14849853515625
2017-11-03;43.125;55.58000183105469;52.4995002746582
2017-11-06;43.5625;56.03300094604492;52.13399887084961
2017-11-07;43.70249938964844;56.15850067138672;52.61949920654297
2017-11-08;44.060001373291016;56.64400100708008;52.91450119018555
2017-11-09;43.970001220703125;56.45650100708008;52.38600158691406
2017-11-10;43.66749954223633;56.26750183105469;52.20750045776367
2017-11-13;43.49250030517578;56.458499908447266;52.060001373291016
2017-11-14;42.834999084472656;56.84199905395508;52.082000732421875
2017-11-15;42.27000045776367;56.33449935913086;51.820499420166016
2017-11-16;42.775001525878906;56.864498138427734;52.423500061035156
2017-11-17;42.537498474121094;56.49399948120117;51.794498443603516
2017-11-20;42.494998931884766;56.31549835205078;51.733001708984375
2017-11-21;43.28499984741211;56.9744987487793;52.51499938964844
2017-11-22;43.7400016784668;57.80799865722656;52.59600067138672
2017-11-24;43.74250030517578;59.29999923706055;52.82600021362305
2017-11-27;43.522499084472656;59.791500091552734;53.60049819946289
2017-11-28;43.26750183105469;59.68000030517578;53.16450119018555
2017-11-29;42.369998931884766;58.063499450683594;51.86899948120117
2017-11-30;42.962501525878906;58.837501525878906;51.80849838256836
2017-12-01;42.76250076293945;58.11750030517578;51.253501892089844
2017-12-04;42.45000076293945;56.6974983215332;50.59349822998047
2017-12-05;42.40999984741211;57.07849884033203;50.97999954223633
2017-12-06;42.252498626708984;57.61750030517578;51.63600158691406
2017-12-07;42.33000183105469;57.989498138427734;52.22850036621094
2017-12-08;42.342498779296875;58.099998474121094;52.46900177001953
2017-12-11;43.16749954223633;58.44599914550781;52.5984992980957
2017-12-12;42.92499923706055;58.25400161743164;52.438499450683594
2017-12-13;43.067501068115234;58.20650100708008;52.56949996948242
2017-12-14;43.05500030517578;58.7130012512207;52.87350082397461
2017-12-15;43.49250030517578;58.957000732421875;53.599998474121094
2017-12-18;44.10499954223633;59.52899932861328;54.25450134277344
2017-12-19;43.6349983215332;59.36899948120117;53.98899841308594
2017-12-20;43.587501525878906;58.88100051879883;53.678001403808594
2017-12-21;43.752498626708984;58.737998962402344;53.54249954223633
2017-12-22;43.752498626708984;58.417999267578125;53.44300079345703
2017-12-26;42.64250183105469;58.8380012512207;53.29249954223633
2017-12-27;42.650001525878906;59.112998962402344;53.0099983215332
2017-12-28;42.77000045776367;59.30500030517578;52.79750061035156
2017-12-29;42.307498931884766;58.4734992980957;52.66999816894531
2018-01-02;43.064998626708984;59.45050048828125;53.660499572753906
2018-01-03;43.057498931884766;60.209999084472656;54.57600021362305
2018-01-04;43.25749969482422;60.47949981689453;54.78799819946289
2018-01-05;43.75;61.457000732421875;55.51449966430664
2018-01-08;43.587501525878906;62.34349822998047;55.71049880981445
2018-01-09;43.58250045776367;62.6349983215332;55.63949966430664
2018-01-10;43.5724983215332;62.71649932861328;55.50699996948242
2018-01-11;43.81999969482422;63.83399963378906;55.602500915527344
2018-01-12;44.272499084472656;65.26000213623047;56.532501220703125
2018-01-16;44.04750061035156;65.24299621582031;56.53499984741211
2018-01-17;44.775001525878906;64.75;56.95500183105469
2018-01-18;44.814998626708984;64.66600036621094;56.798500061035156
2018-01-19;44.6150016784668;64.72899627685547;57.17499923706055
2018-01-22;44.25;66.3655014038086;58.20800018310547
2018-01-23;44.2599983215332;68.12699890136719;58.80849838256836
2018-01-24;43.55500030517578;67.87550354003906;58.56449890136719
2018-01-25;42.77750015258789;68.89749908447266;59.106998443603516
2018-01-26;42.877498626708984;70.10250091552734;59.37799835205078
2018-01-29;41.9900016784668;70.88400268554688;59.32400131225586
2018-01-30;41.74250030517578;71.89099884033203;58.868499755859375
2018-01-31;41.85749816894531;72.54450225830078;59.111000061035156
2018-02-01;41.94499969482422;69.5;59.079498291015625
2018-02-02;40.125;71.49749755859375;55.959999084472656
2018-02-05;39.122501373291016;69.5;53.11949920654297
2018-02-06;40.75749969482422;72.14199829101562;54.221500396728516
2018-02-07;39.8849983215332;70.83899688720703;52.77050018310547
2018-02-08;38.787498474121094;67.5250015258789;50.385501861572266
2018-02-09;39.102500915527344;66.9800033569336;52.313499450683594
2018-02-12;40.6775016784668;69.3115005493164;52.72800064086914
2018-02-13;41.084999084472656;70.72550201416016;52.707000732421875
2018-02-14;41.842498779296875;72.55249786376953;53.6349983215332
2018-02-15;43.247501373291016;73.08799743652344;54.56800079345703
2018-02-16;43.10749816894531;72.43450164794922;54.775001525878906
2018-02-20;42.962501525878906;73.4175033569336;55.179500579833984
2018-02-21;42.76750183105469;74.14600372314453;55.6875
2018-02-22;43.125;74.26699829101562;55.494998931884766
2018-02-23;43.875;75.0;56.40449905395508
2018-02-26;44.74250030517578;76.09750366210938;57.185001373291016
2018-02-27;44.59749984741211;75.5989990234375;55.8754997253418
2018-02-28;44.529998779296875;75.62249755859375;55.19599914550781
2018-03-01;43.75;74.67250061035156;53.570499420166016
2018-03-02;44.0525016784668;75.01249694824219;54.207000732421875
2018-03-05;44.20500183105469;76.18049621582031;54.737998962402344
2018-03-06;44.16749954223633;76.88200378417969;55.04499816894531
2018-03-07;43.75749969482422;77.25;55.75199890136719
2018-03-08;44.23500061035156;77.59300231933594;56.46900177001953
2018-03-09;44.994998931884766;78.94450378417969;58.04199981689453
2018-03-12;45.43000030517578;79.91950225830078;58.29650115966797
2018-03-13;44.99250030517578;79.40899658203125;56.99549865722656
2018-03-14;44.61000061035156;79.55000305175781;57.44449996948242
2018-03-15;44.662498474121094;79.11599731445312;57.53049850463867
2018-03-16;44.505001068115234;78.58399963378906;56.72100067138672
2018-03-19;43.82500076293945;77.24649810791016;55.003501892089844
2018-03-20;43.810001373291016;79.32550048828125;54.790000915527344
2018-03-21;42.817501068115234;79.09300231933594;54.70000076293945
2018-03-22;42.212501525878906;77.24600219726562;52.657501220703125
2018-03-23;41.23500061035156;74.77799987792969;51.32749938964844
2018-03-26;43.192501068115234;77.79299926757812;52.704498291015625
2018-03-27;42.084999084472656;74.85250091552734;50.34700012207031
2018-03-28;41.619998931884766;71.57099914550781;50.25899887084961
2018-03-29;41.94499969482422;72.36699676513672;51.856998443603516
2018-04-02;41.66999816894531;68.59950256347656;50.631500244140625
2018-04-03;42.09749984741211;69.60250091552734;50.933998107910156
2018-04-04;42.90250015258789;70.52850341796875;51.48550033569336
2018-04-05;43.20000076293945;72.5875015258789;51.63199996948242
2018-04-06;42.095001220703125;70.2614974975586;50.497501373291016
2018-04-09;42.51250076293945;70.30400085449219;51.00450134277344
2018-04-10;43.3125;71.81099700927734;51.82500076293945
2018-04-11;43.11000061035156;71.35250091552734;51.25299835205078
2018-04-12;43.53499984741211;72.42500305175781;51.864498138427734
2018-04-13;43.682498931884766;71.53949737548828;51.801998138427734
2018-04-16;43.95500183105469;72.07499694824219;52.30500030517578
2018-04-17;44.560001373291016;75.19149780273438;53.96799850463867
2018-04-18;44.459999084472656;76.39199829101562;53.769500732421875
2018-04-19;43.20000076293945;77.84549713134766;54.47249984741211
2018-04-20;41.43000030517578;76.37449645996094;53.86600112915039
2018-04-23;41.310001373291016;75.89299774169922;53.69049835205078
2018-04-24;40.73500061035156;73.00450134277344;51.13199996948242
2018-04-25;40.912498474121094;73.00849914550781;51.14950180053711
2018-04-26;41.05500030517578;75.89800262451172;52.16550064086914
2018-04-27;40.58000183105469;78.63099670410156;51.5724983215332
2018-04-30;41.314998626708984;78.30650329589844;50.92900085449219
2018-05-01;42.275001525878906;79.11299896240234;52.037498474121094
2018-05-02;44.14250183105469;78.48400115966797;51.3025016784668
2018-05-03;44.22249984741211;78.60399627685547;51.314998626708984
2018-05-04;45.95750045776367;79.04750061035156;52.54999923706055
2018-05-07;46.290000915527344;80.00700378417969;52.972999572753906
2018-05-08;46.51250076293945;79.61949920654297;52.929500579833984
2018-05-09;46.84000015258789;80.4000015258789;54.4474983215332
2018-05-10;47.5099983215332;80.4540023803711;55.27349853515625
2018-05-11;47.147499084472656;80.14550018310547;55.16899871826172
2018-05-14;47.037498474121094;80.0770034790039;55.33000183105469
2018-05-15;46.61000061035156;78.80599975585938;54.243499755859375
2018-05-16;47.04499816894531;79.36399841308594;54.204498291015625
2018-05-17;46.747501373291016;79.08799743652344;54.0629997253418
2018-05-18;46.57749938964844;78.71849822998047;53.481998443603516
2018-05-21;46.907501220703125;79.27300262451172;54.20050048828125
2018-05-22;46.790000915527344;79.06999969482422;53.765499114990234
2018-05-23;47.09000015258789;80.09300231933594;54.29800033569336
2018-05-24;47.037498474121094;80.15350341796875;54.272499084472656
2018-05-25;47.14500045776367;80.50749969482422;54.20399856567383
2018-05-29;46.974998474121094;80.64350128173828;53.403499603271484
2018-05-30;46.875;81.24449920654297;53.87350082397461
2018-05-31;46.717498779296875;81.48100280761719;55.0
2018-06-01;47.560001373291016;82.0770034790039;56.75
2018-06-04;47.95750045776367;83.26349639892578;57.652000427246094
2018-06-05;48.32749938964844;84.81749725341797;57.55099868774414
2018-06-06;48.494998931884766;84.7874984741211;57.34749984741211
2018-06-07;48.3650016784668;84.46499633789062;56.72100067138672
2018-06-08;47.92499923706055;84.19950103759766;56.635501861572266
2018-06-11;47.807498931884766;84.45600128173828;57.04499816894531
2018-06-12;48.06999969482422;84.9375;57.40950012207031
2018-06-13;47.67499923706055;85.24299621582031;57.21149826049805
2018-06-14;47.70000076293945;86.19300079345703;58.00550079345703
2018-06-15;47.209999084472656;85.79850006103516;57.9635009765625
2018-06-18;47.185001373291016;86.18949890136719;59.17900085449219
2018-06-19;46.42250061035156;86.73899841308594;58.93450164794922
2018-06-20;46.625;87.50399780273438;59.20349884033203
2018-06-21;46.3650016784668;86.51100158691406;58.47200012207031
2018-06-22;46.22999954223633;85.78350067138672;58.464500427246094
2018-06-25;45.54249954223633;83.15750122070312;56.9640007019043
2018-06-26;46.10749816894531;84.55449676513672;56.63100051879883
2018-06-27;46.040000915527344;83.02549743652344;55.84700012207031
2018-06-28;46.375;85.07250213623047;56.3390007019043
2018-06-29;46.27750015258789;84.98999786376953;56.45949935913086
2018-07-02;46.79499816894531;85.68900299072266;57.105499267578125
2018-07-03;45.97999954223633;84.697998046875;55.81399917602539
2018-07-05;46.349998474121094;84.98650360107422;57.06449890136719
2018-07-06;46.99250030517578;85.53150177001953;57.75400161743164
2018-07-09;47.64500045776367;86.95099639892578;58.36399841308594
2018-07-10;47.587501525878906;87.15350341796875;58.356998443603516
2018-07-11;46.970001220703125;87.75;58.573001861572266
2018-07-12;47.75749969482422;89.83100128173828;60.0629997253418
2018-07-13;47.83250045776367;90.65149688720703;60.22100067138672
2018-07-16;47.727500915527344;91.12449645996094;59.82550048828125
2018-07-17;47.86249923706055;92.19650268554688;60.65399932861328
2018-07-18;47.599998474121094;92.14600372314453;60.64550018310547
2018-07-19;47.970001220703125;90.64849853515625;59.95500183105469
2018-07-20;47.86000061035156;90.68499755859375;59.89400100708008
2018-07-23;47.90250015258789;90.0999984741211;60.54999923706055
2018-07-24;48.25;91.46199798583984;62.907501220703125
2018-07-25;48.70500183105469;93.18049621582031;63.797000885009766
2018-07-26;48.5525016784668;90.4000015258789;64.2750015258789
2018-07-27;47.744998931884766;90.8635025024414;62.644500732421875
2018-07-30;47.477500915527344;88.96099853515625;61.50199890136719
2018-07-31;47.5724983215332;88.87200164794922;61.361000061035156
2018-08-01;50.375;89.8584976196289;61.64950180053711
2018-08-02;51.84749984741211;91.71649932861328;62.05649948120117
2018-08-03;51.997501373291016;91.16449737548828;61.90800094604492
2018-08-06;52.26750183105469;92.38749694824219;61.88349914550781
2018-08-07;51.77750015258789;93.1240005493164;62.79199981689453
2018-08-08;51.8125;94.32599639892578;63.06650161743164
2018-08-09;52.220001220703125;94.9260025024414;63.222999572753906
2018-08-10;51.88249969482422;94.31500244140625;62.6254997253418
2018-08-13;52.217498779296875;94.80999755859375;62.43199920654297
2018-08-14;52.4375;95.98249816894531;62.90700149536133
2018-08-15;52.560001373291016;94.13099670410156;61.611000061035156
2018-08-16;53.33000183105469;94.32599639892578;61.202999114990234
2018-08-17;54.39500045776367;94.11100006103516;60.79249954223633
2018-08-20;53.8650016784668;93.83550262451172;61.09749984741211
2018-08-21;53.7599983215332;94.1709976196289;60.87049865722656
2018-08-22;53.76250076293945;95.24500274658203;61.087501525878906
2018-08-23;53.872501373291016;95.1449966430664;61.05799865722656
2018-08-24;54.040000915527344;95.26950073242188;61.837501525878906
2018-08-27;54.48500061035156;96.38400268554688;62.813499450683594
2018-08-28;54.92499923706055;96.64099884033203;62.292999267578125
2018-08-29;55.744998931884766;99.90499877929688;63.23249816894531
2018-08-30;56.25749969482422;100.11900329589844;62.72200012207031
2018-08-31;56.907501220703125;100.635498046875;61.59000015258789
2018-09-04;57.09000015258789;101.97550201416016;60.56549835205078
2018-09-05;56.717498779296875;99.74099731445312;59.95500183105469
2018-09-06;55.775001525878906;97.91549682617188;59.199501037597656
2018-09-07;55.32500076293945;97.60350036621094;58.87950134277344
2018-09-10;54.58250045776367;96.95050048828125;58.75299835205078
2018-09-11;55.962501525878906;99.35749816894531;59.4995002746582
2018-09-12;55.26750183105469;99.5;58.58000183105469
2018-09-13;56.602500915527344;99.49349975585938;59.106998443603516
2018-09-14;55.959999084472656;98.5094985961914;58.89899826049805
2018-09-17;54.470001220703125;95.40149688720703;57.99150085449219
2018-09-18;54.560001373291016;97.05249786376953;58.355499267578125
2018-09-19;54.592498779296875;96.32099914550781;58.7135009765625
2018-09-20;55.00749969482422;97.21499633789062;59.57849884033203
2018-09-21;54.415000915527344;95.75050354003906;58.60599899291992
2018-09-24;55.1974983215332;96.71800231933594;58.97800064086914
2018-09-25;55.54750061035156;98.72750091552734;59.69449996948242
2018-09-26;55.10499954223633;98.74250030517578;59.702999114990234
2018-09-27;56.23749923706055;100.64900207519531;60.36800003051758
2018-09-28;56.435001373291016;100.1500015258789;60.354000091552734
2018-10-01;56.814998626708984;100.21800231933594;60.42649841308594
2018-10-02;57.31999969482422;98.56549835205078;60.38199996948242
2018-10-03;58.01750183105469;97.63800048828125;60.576499938964844
2018-10-04;56.997501373291016;95.47100067138672;58.85350036621094
2018-10-05;56.0724983215332;94.48249816894531;58.39149856567383
2018-10-08;55.942501068115234;93.22100067138672;57.79600143432617
2018-10-09;56.717498779296875;93.51599884033203;57.25849914550781
2018-10-10;54.09000015258789;87.76249694824219;54.608001708984375
2018-10-11;53.61249923706055;85.96800231933594;54.5369987487793
2018-10-12;55.52750015258789;89.43049621582031;56.027000427246094
2018-10-15;54.34000015258789;88.04750061035156;55.12200164794922
2018-10-16;55.537498474121094;90.99800109863281;56.65399932861328
2018-10-17;55.29750061035156;91.58650207519531;56.37950134277344
2018-10-18;54.005001068115234;88.53600311279297;54.89550018310547
2018-10-19;54.82749938964844;88.20149993896484;55.25899887084961
2018-10-22;55.162498474121094;89.46499633789062;55.56850051879883
2018-10-23;55.682498931884766;88.43499755859375;55.74549865722656
2018-10-24;53.772499084472656;83.20999908447266;52.85599899291992
2018-10-25;54.95000076293945;89.1084976196289;55.179500579833984
2018-10-26;54.07500076293945;82.1405029296875;54.1875
2018-10-29;53.060001373291016;76.94400024414062;51.73649978637695
2018-10-30;53.32500076293945;76.52100372314453;52.47549819946289
2018-10-31;54.71500015258789;79.90049743652344;54.52899932861328
2018-11-01;55.55500030517578;83.27649688720703;54.29899978637695
2018-11-02;51.869998931884766;83.27649688720703;53.574501037597656
2018-11-05;50.397499084472656;81.38999938964844;52.7864990234375
2018-11-06;50.942501068115234;82.1405029296875;53.47850036621094
2018-11-07;52.48749923706055;87.77449798583984;55.4119987487793
2018-11-08;52.122501373291016;87.74549865722656;54.73149871826172
2018-11-09;51.11750030517578;85.62149810791016;53.85100173950195
2018-11-12;48.54249954223633;81.84249877929688;52.46799850463867
2018-11-13;48.057498931884766;81.55850219726562;52.39849853515625
2018-11-14;46.70000076293945;79.95050048828125;52.729000091552734
2018-11-15;47.852500915527344;80.97200012207031;53.5525016784668
2018-11-16;48.38249969482422;79.67050170898438;53.41350173950195
2018-11-19;46.46500015258789;75.614501953125;51.37099838256836
2018-11-20;44.244998931884766;74.77300262451172;51.522499084472656
2018-11-21;44.19499969482422;75.83650207519531;52.17150115966797
2018-11-23;43.0724983215332;75.10299682617188;51.505001068115234
2018-11-26;43.654998779296875;79.06649780273438;52.797000885009766
2018-11-27;43.560001373291016;79.07099914550781;52.61399841308594
2018-11-28;45.23500061035156;83.88749694824219;54.589500427246094
2018-11-29;44.88750076293945;83.67849731445312;54.729000091552734
2018-11-30;44.64500045776367;84.50849914550781;55.48249816894531
2018-12-03;46.20500183105469;88.61799621582031;55.81800079345703
2018-12-04;44.17250061035156;83.41999816894531;53.12350082397461
2018-12-06;43.68000030517578;84.95950317382812;53.90399932861328
2018-12-07;42.122501373291016;81.45649719238281;52.32899856567383
2018-12-10;42.400001525878906;82.05149841308594;52.659000396728516
2018-12-11;42.157501220703125;82.16200256347656;53.08250045776367
2018-12-12;42.275001525878906;83.177001953125;53.686500549316406
2018-12-13;42.73749923706055;82.91899871826172;53.676998138427734
2018-12-14;41.369998931884766;79.59549713134766;52.58549880981445
2018-12-17;40.98500061035156;76.04550170898438;51.282501220703125
2018-12-18;41.51750183105469;77.5739974975586;52.170501708984375
2018-12-19;40.22249984741211;74.75399780273438;51.77299880981445
2018-12-20;39.20750045776367;73.04149627685547;51.17900085449219
2018-12-21;37.682498931884766;68.87249755859375;49.5625
2018-12-24;36.70750045776367;67.197998046875;49.23350143432617
2018-12-26;39.29249954223633;73.54499816894531;52.39250183105469
2018-12-27;39.037498474121094;73.08200073242188;52.64500045776367
2018-12-28;39.057498931884766;73.9010009765625;52.33399963378906
2018-12-31;39.435001373291016;75.09850311279297;52.24800109863281
2019-01-02;39.47999954223633;76.95649719238281;52.73400115966797
2019-01-03;35.54750061035156;75.01399993896484;51.27349853515625
2019-01-04;37.064998626708984;78.76950073242188;53.903499603271484
2019-01-07;36.98249816894531;81.47550201416016;53.79600143432617
2019-01-08;37.6875;82.8290023803711;54.26850128173828
2019-01-09;38.32749938964844;82.97100067138672;54.08250045776367
2019-01-10;38.45000076293945;82.81099700927734;53.94150161743164
2019-01-11;38.0724983215332;82.02799987792969;53.2234992980957
2019-01-14;37.5;80.8604965209961;52.57550048828125
2019-01-15;38.26750183105469;83.72799682617188;54.32550048828125
2019-01-16;38.73500061035156;84.18900299072266;54.47549819946289
2019-01-17;38.96500015258789;84.66100311279297;54.95600128173828
2019-01-18;39.20500183105469;84.80999755859375;55.3650016784668
2019-01-22;38.32500076293945;81.6084976196289;53.93149948120117
2019-01-23;38.47999954223633;82.0009994506836;54.22050094604492
2019-01-24;38.17499923706055;82.74649810791016;54.20000076293945
2019-01-25;39.439998626708984;83.52850341796875;55.07550048828125
2019-01-28;39.07500076293945;81.89450073242188;53.99300003051758
2019-01-29;38.66999816894531;79.69400024414062;53.50299835205078
2019-01-30;41.3125;83.52149963378906;54.89950180053711
2019-01-31;41.61000061035156;85.9365005493164;56.294498443603516
2019-02-01;41.630001068115234;81.3115005493164;55.930999755859375
2019-02-04;42.8125;81.66549682617188;57.07099914550781
2019-02-05;43.54499816894531;82.94049835205078;57.59349822998047
2019-02-06;43.560001373291016;82.01300048828125;56.144500732421875
2019-02-07;42.73500061035156;80.71849822998047;55.295501708984375
2019-02-08;42.602500915527344;79.41100311279297;55.11899948120117
2019-02-11;42.35749816894531;79.55000305175781;55.10599899291992
2019-02-12;42.72249984741211;81.90049743652344;56.37900161743164
2019-02-13;42.54499816894531;82.0;56.43149948120117
2019-02-14;42.70000076293945;81.13249969482422;56.459999084472656
2019-02-15;42.60499954223633;80.39749908447266;55.98149871826172
2019-02-19;42.73249816894531;81.37899780273438;56.32550048828125
2019-02-20;43.00749969482422;81.1050033569336;56.02949905395508
2019-02-21;42.76499938964844;80.97200012207031;55.21049880981445
2019-02-22;43.24250030517578;81.5780029296875;55.827999114990234
2019-02-25;43.557498931884766;81.6500015258789;55.86650085449219
2019-02-26;43.58250045776367;81.81999969482422;56.10049819946289
2019-02-27;43.717498779296875;82.05449676513672;56.144500732421875
2019-02-28;43.287498474121094;81.99150085449219;56.32749938964844
2019-03-01;43.74250030517578;83.58650207519531;57.42599868774414
2019-03-04;43.962501525878906;84.80850219726562;57.67100143432617
2019-03-05;43.88249969482422;84.62149810791016;58.45949935913086
2019-03-06;43.630001068115234;83.44750213623047;58.24700164794922
2019-03-07;43.125;81.29750061035156;57.54249954223633
2019-03-08;43.227500915527344;81.04000091552734;57.49850082397461
2019-03-11;44.724998474121094;83.53099822998047;58.9630012512207
2019-03-12;45.227500915527344;83.65499877929688;59.86249923706055
2019-03-13;45.4275016784668;84.54049682617188;59.952999114990234
2019-03-14;45.932498931884766;84.31099700927734;59.62649917602539
2019-03-15;46.529998779296875;85.61799621582031;59.51499938964844
2019-03-18;47.005001068115234;87.10749816894531;59.4275016784668
2019-03-19;46.63249969482422;88.09249877929688;60.12300109863281
2019-03-20;47.040000915527344;89.8635025024414;61.32149887084961
2019-03-21;48.772499084472656;90.96299743652344;61.80649948120117
2019-03-22;47.76250076293945;88.2385025024414;60.38249969482422
2019-03-25;47.185001373291016;88.71299743652344;59.86899948120117
2019-03-26;46.6974983215332;89.18800354003906;59.492000579833984
2019-03-27;47.11750030517578;88.28500366210938;58.9005012512207
2019-03-28;47.18000030517578;88.6709976196289;58.61349868774414
2019-03-29;47.48749923706055;89.0374984741211;58.84450149536133
2019-04-01;47.810001373291016;90.70950317382812;59.94900131225586
2019-04-02;48.505001068115234;90.6989974975586;60.277000427246094
2019-04-03;48.837501525878906;91.03500366210938;60.54050064086914
2019-04-04;48.92250061035156;90.94300079345703;60.97249984741211
2019-04-05;49.25;91.86399841308594;60.5724983215332
2019-04-08;50.025001525878906;92.49299621582031;60.41400146484375
2019-04-09;49.875;91.79199981689453;60.134498596191406
2019-04-10;50.154998779296875;92.36650085449219;60.3224983215332
2019-04-11;49.73749923706055;92.20349884033203;60.47949981689453
2019-04-12;49.717498779296875;92.15299987792969;61.13650131225586
2019-04-15;49.807498931884766;92.24349975585938;61.326499938964844
2019-04-16;49.8125;93.1520004272461;61.59550094604492
2019-04-17;50.782501220703125;93.24099731445312;62.00699996948242
2019-04-18;50.96500015258789;93.08450317382812;62.07350158691406
2019-04-22;51.13249969482422;94.3655014038086;62.6879997253418
2019-04-23;51.869998931884766;96.1884994506836;63.52949905395508
2019-04-24;51.790000915527344;95.0875015258789;63.002498626708984
2019-04-25;51.31999969482422;95.11250305175781;63.367000579833984
2019-04-26;51.07500076293945;97.53150177001953;63.87099838256836
2019-04-29;51.15250015258789;96.92150115966797;64.80999755859375
2019-04-30;50.16749954223633;96.32599639892578;59.948001861572266
2019-05-01;52.630001068115234;95.57599639892578;58.66600036621094
2019-05-02;52.287498474121094;95.04100036621094;58.32550048828125
2019-05-03;52.9375;98.12300109863281;59.477500915527344
2019-05-06;52.119998931884766;97.52749633789062;59.67300033569336
2019-05-07;50.71500015258789;96.05000305175781;58.94300079345703
2019-05-08;50.724998474121094;95.88849639892578;58.53900146484375
2019-05-09;50.18000030517578;94.99349975585938;58.39849853515625
2019-05-10;49.29499816894531;94.4990005493164;58.38199996948242
2019-05-13;46.43000030517578;91.13400268554688;56.829498291015625
2019-05-14;47.165000915527344;92.00599670410156;56.24300003051758
2019-05-15;47.72999954223633;93.55750274658203;58.540000915527344
2019-05-16;47.52000045776367;95.37850189208984;59.224998474121094
2019-05-17;47.25;93.44999694824219;58.43899917602539
2019-05-20;45.772499084472656;92.94850158691406;57.233001708984375
2019-05-21;46.650001525878906;92.8759994506836;57.72200012207031
2019-05-22;45.69499969482422;92.98400115966797;57.79249954223633
2019-05-23;44.915000915527344;90.77400207519531;57.266998291015625
2019-05-24;44.74250030517578;91.16400146484375;56.93050003051758
2019-05-28;44.557498931884766;91.82150268554688;56.97800064086914
2019-05-29;44.345001220703125;90.95950317382812;55.99700164794922
2019-05-30;44.57500076293945;90.81600189208984;56.070499420166016
2019-05-31;43.76750183105469;88.75350189208984;55.32500076293945
2019-06-03;43.32500076293945;84.6344985961914;51.9370002746582
2019-06-04;44.90999984741211;86.47799682617188;52.7244987487793
2019-06-05;45.6349983215332;86.92500305175781;52.231998443603516
2019-06-06;46.30500030517578;87.71800231933594;52.38800048828125
2019-06-07;47.537498474121094;90.20149993896484;53.41849899291992
2019-06-10;48.14500045776367;93.03150177001953;54.13800048828125
2019-06-11;48.70249938964844;93.18499755859375;54.051998138427734
2019-06-12;48.54750061035156;92.76599884033203;53.95500183105469
2019-06-13;48.537498474121094;93.51499938964844;54.550498962402344
2019-06-14;48.185001373291016;93.4834976196289;54.314998626708984
2019-06-17;48.47249984741211;94.30149841308594;54.69449996948242
2019-06-18;49.61249923706055;95.06849670410156;55.262001037597656
2019-06-19;49.467498779296875;95.43949890136719;55.22549819946289
2019-06-20;49.8650016784668;95.90950012207031;55.65999984741211
2019-06-21;49.69499969482422;95.56500244140625;56.26850128173828
2019-06-24;49.64500045776367;95.69499969482422;55.834999084472656
2019-06-25;48.89250183105469;93.91349792480469;54.37900161743164
2019-06-26;49.95000076293945;94.8915023803711;54.01599884033203
2019-06-27;49.935001373291016;95.21399688720703;53.83150100708008
2019-06-28;49.47999954223633;94.68150329589844;54.13999938964844
2019-07-01;50.38750076293945;96.1094970703125;55.0
2019-07-02;50.682498931884766;96.71549987792969;55.630001068115234
2019-07-03;51.102500915527344;96.94999694824219;56.14950180053711
2019-07-05;51.057498931884766;97.14550018310547;56.63349914550781
2019-07-08;50.005001068115234;97.61599731445312;55.839500427246094
2019-07-09;50.310001373291016;99.41500091552734;56.214500427246094
2019-07-10;50.807498931884766;100.87049865722656;57.045501708984375
2019-07-11;50.4375;100.05349731445312;57.20399856567383
2019-07-12;50.82500076293945;100.55000305175781;57.266998291015625
2019-07-15;51.3025016784668;101.04949951171875;57.5255012512207
2019-07-16;51.125;100.49500274658203;57.67300033569336
2019-07-17;50.837501525878906;99.60150146484375;57.33700180053711
2019-07-18;51.415000915527344;98.8949966430664;57.36199951171875
2019-07-19;50.647499084472656;98.22599792480469;56.57749938964844
2019-07-22;51.80500030517578;99.28150177001953;56.96049880981445
2019-07-23;52.209999084472656;99.72450256347656;57.40250015258789
2019-07-24;52.16749954223633;100.04049682617188;56.98649978637695
2019-07-25;51.755001068115234;98.69100189208984;56.797000885009766
2019-07-26;51.935001373291016;97.15249633789062;62.26100158691406
2019-07-29;52.41999816894531;95.62249755859375;62.09199905395508
2019-07-30;52.19499969482422;94.92649841308594;61.400001525878906
2019-07-31;53.2599983215332;93.33899688720703;60.90999984741211
2019-08-01;52.10749816894531;92.76599884033203;60.5890007019043
2019-08-02;51.005001068115234;91.16200256347656;59.816001892089844
2019-08-05;48.334999084472656;88.25650024414062;57.73749923706055
2019-08-06;49.25;89.3915023803711;58.55400085449219
2019-08-07;49.7599983215332;89.66999816894531;58.795501708984375
2019-08-08;50.85749816894531;91.64450073242188;60.30950164794922
2019-08-09;50.247501373291016;90.37899780273438;59.44499969482422
2019-08-12;50.119998931884766;89.24600219726562;58.724998474121094
2019-08-13;52.24250030517578;91.21700286865234;59.83649826049805
2019-08-14;50.6875;88.14800262451172;58.212501525878906
2019-08-15;50.435001373291016;88.80599975585938;58.465999603271484
2019-08-16;51.625;89.62850189208984;58.96049880981445
2019-08-19;52.587501525878906;90.80599975585938;60.02199935913086
2019-08-20;52.59000015258789;90.06900024414062;59.17649841308594
2019-08-21;53.15999984741211;91.177001953125;59.57899856567383
2019-08-22;53.1150016784668;90.23300170898438;59.57600021362305
2019-08-23;50.65999984741211;87.48100280761719;57.67900085449219
2019-08-26;51.622501373291016;88.44349670410156;58.558998107910156
2019-08-27;51.040000915527344;88.09149932861328;58.54100036621094
2019-08-28;51.38249969482422;88.2125015258789;58.6875
2019-08-29;52.252498626708984;89.31999969482422;59.71200180053711
2019-08-30;52.185001373291016;88.81449890136719;59.5265007019043
2019-09-03;51.42499923706055;89.49199676513672;58.477500915527344
2019-09-04;52.29750061035156;90.03099822998047;59.11349868774414
2019-09-05;53.31999969482422;92.03600311279297;60.609500885009766
2019-09-06;53.314998626708984;91.67549896240234;60.316001892089844
2019-09-09;53.54249954223633;91.56749725341797;60.26350021362305
2019-09-10;54.17499923706055;91.02749633789062;60.28499984741211
2019-09-11;55.897499084472656;91.14949798583984;61.0
2019-09-12;55.772499084472656;92.17749786376953;61.74850082397461
2019-09-13;54.6875;91.96700286865234;62.00149917602539
2019-09-16;54.974998474121094;90.39199829101562;61.58150100708008
2019-09-17;55.17499923706055;91.12750244140625;61.49399948120117
2019-09-18;55.692501068115234;90.87300109863281;61.63249969482422
2019-09-19;55.2400016784668;91.07499694824219;61.9375
2019-09-20;54.432498931884766;89.70800018310547;61.492000579833984
2019-09-23;54.68000030517578;89.26499938964844;61.734500885009766
2019-09-24;54.41999816894531;87.08049774169922;60.916500091552734
2019-09-25;55.25749969482422;88.41649627685547;62.297000885009766
2019-09-26;54.97249984741211;86.99199676513672;62.114498138427734
2019-09-27;54.70500183105469;86.27249908447266;61.29750061035156
2019-09-30;55.99250030517578;86.79550170898438;61.05699920654297
2019-10-01;56.147499084472656;86.78250122070312;60.29999923706055
2019-10-02;54.7400016784668;85.6614990234375;58.895999908447266
2019-10-03;55.20500183105469;86.22100067138672;59.471500396728516
2019-10-04;56.752498626708984;86.98249816894531;60.54800033569336
2019-10-07;56.76499938964844;86.63300323486328;60.412498474121094
2019-10-08;56.099998474121094;85.27549743652344;59.506500244140625
2019-10-09;56.75749969482422;86.09950256347656;60.119998931884766
2019-10-10;57.522499084472656;86.01300048828125;60.4734992980957
2019-10-11;59.0525016784668;86.59600067138672;60.785499572753906
2019-10-14;58.967498779296875;86.82150268554688;60.88850021362305
2019-10-15;58.83000183105469;88.36900329589844;62.11199951171875
2019-10-16;58.592498779296875;88.87149810791016;62.150001525878906
2019-10-17;58.81999969482422;89.3740005493164;62.63999938964844
2019-10-18;59.102500915527344;87.87550354003906;62.22050094604492
2019-10-21;60.127498626708984;89.28299713134766;62.2140007019043
2019-10-22;59.9900016784668;88.2864990234375;62.060001373291016
2019-10-23;60.79499816894531;88.1084976196289;62.881500244140625
2019-10-24;60.89500045776367;89.03900146484375;62.955501556396484
2019-10-25;61.64500045776367;88.06649780273438;63.21500015258789
2019-10-28;62.26250076293945;88.85399627685547;64.4489974975586
2019-10-29;60.8224983215332;88.135498046875;63.03300094604492
2019-10-30;60.814998626708984;88.99949645996094;63.03499984741211
2019-10-31;62.189998626708984;88.83300018310547;62.939998626708984
2019-11-01;63.95500183105469;89.5719985961914;63.61249923706055
2019-11-04;64.375;90.23300170898438;64.48049926757812
2019-11-05;64.28250122070312;90.08550262451172;64.5719985961914
2019-11-06;64.30999755859375;89.78849792480469;64.55049896240234
2019-11-07;64.85749816894531;89.41000366210938;65.34700012207031
2019-11-08;65.03500366210938;89.29399871826172;65.44999694824219
2019-11-11;65.55000305175781;88.5824966430664;64.91400146484375
2019-11-12;65.48999786376953;88.9000015258789;64.8604965209961
2019-11-13;66.11750030517578;87.65550231933594;64.80899810791016
2019-11-14;65.66000366210938;87.7300033569336;65.4574966430664
2019-11-15;66.44000244140625;86.97450256347656;66.677001953125
2019-11-18;66.7750015258789;87.62650299072266;65.99199676513672
2019-11-19;66.57250213623047;87.6395034790039;65.62950134277344
2019-11-20;65.79750061035156;87.27649688720703;65.09300231933594
2019-11-21;65.50250244140625;86.7354965209961;65.00700378417969
2019-11-22;65.44499969482422;87.28600311279297;64.68350219726562
2019-11-25;66.59249877929688;88.69200134277344;65.28199768066406
2019-11-26;66.07250213623047;89.84700012207031;65.6500015258789
2019-11-27;66.95999908447266;90.92549896240234;65.60649871826172
2019-11-29;66.8125;90.04000091552734;65.20449829101562
2019-12-02;66.04000091552734;89.08000183105469;64.44300079345703
2019-12-03;64.86250305175781;88.49800109863281;64.73699951171875
2019-12-04;65.43499755859375;88.03450012207031;65.9469985961914
2019-12-05;66.3949966430664;87.02400207519531;66.3479995727539
2019-12-06;67.67749786376953;87.58000183105469;66.96949768066406
2019-12-09;66.7300033569336;87.47550201416016;67.14949798583984
2019-12-10;67.12000274658203;86.96050262451172;67.14450073242188
2019-12-11;67.69249725341797;87.43599700927734;67.2125015258789
2019-12-12;67.86499786376953;88.0165023803711;67.42449951171875
2019-12-13;68.7874984741211;88.0469970703125;67.34349822998047
2019-12-16;69.96499633789062;88.46050262451172;68.03500366210938
2019-12-17;70.10250091552734;89.53299713134766;67.74449920654297
2019-12-18;69.93499755859375;89.20149993896484;67.59549713134766
2019-12-19;70.00499725341797;89.61399841308594;67.8219985961914
2019-12-20;69.86000061035156;89.32499694824219;67.56099700927734
2019-12-23;71.0;89.6500015258789;67.53150177001953
2019-12-24;71.06749725341797;89.46050262451172;67.22149658203125
2019-12-26;72.47750091552734;93.4384994506836;68.12349700927734
2019-12-27;72.44999694824219;93.48999786376953;67.73200225830078
2019-12-30;72.87999725341797;92.34449768066406;66.9854965209961
2019-12-31;73.4124984741211;92.39199829101562;66.96949768066406
2020-01-02;75.0875015258789;94.90049743652344;68.43399810791016
2020-01-03;74.35749816894531;93.74849700927734;68.07599639892578
2020-01-06;74.94999694824219;95.14399719238281;69.8905029296875
2020-01-07;74.59750366210938;95.34300231933594;69.75550079345703
2020-01-08;75.79750061035156;94.59850311279297;70.25199890136719
2020-01-09;77.40750122070312;95.05249786376953;70.989501953125
2020-01-10;77.5824966430664;94.15799713134766;71.447998046875
2020-01-13;79.23999786376953;94.56500244140625;72.00150299072266
2020-01-14;78.16999816894531;93.47200012207031;71.52950286865234
2020-01-15;77.83499908447266;93.10099792480469;71.95999908447266
2020-01-16;78.80999755859375;93.89700317382812;72.50800323486328
2020-01-17;79.68250274658203;93.23600006103516;73.97599792480469
2020-01-21;79.14250183105469;94.5999984741211;74.11250305175781
2020-01-22;79.42500305175781;94.37300109863281;74.19349670410156
2020-01-23;79.80750274658203;94.22899627685547;74.2344970703125
2020-01-24;79.57749938964844;93.08200073242188;73.30850219726562
2020-01-27;77.23750305175781;91.41699981689453;71.58650207519531
2020-01-28;79.42250061035156;92.6624984741211;72.5250015258789
2020-01-29;81.08499908447266;92.9000015258789;72.83499908447266
2020-01-30;80.96749877929688;93.53399658203125;72.7125015258789
2020-01-31;77.37750244140625;100.43599700927734;71.63899993896484
2020-02-03;77.16500091552734;100.20999908447266;74.12999725341797
2020-02-04;79.7125015258789;102.4834976196289;72.27050018310547
2020-02-05;80.36250305175781;101.99349975585938;72.30249786376953
2020-02-06;81.30249786376953;102.5114974975586;73.79850006103516
2020-02-07;80.00749969482422;103.96399688720703;73.95549774169922
2020-02-10;80.38749694824219;106.69550323486328;75.43299865722656
2020-02-11;79.90249633789062;107.54000091552734;75.50299835205078
2020-02-12;81.80000305175781;108.0;75.93150329589844
2020-02-13;81.21749877929688;107.49349975585938;75.66950225830078
2020-02-14;81.23750305175781;106.74349975585938;75.9365005493164
2020-02-18;79.75;107.78350067138672;75.97200012207031
2020-02-19;80.90499877929688;108.51100158691406;76.24349975585938
2020-02-20;80.07499694824219;107.65499877929688;75.84950256347656
2020-02-21;78.26249694824219;104.79850006103516;74.1729965209961
2020-02-24;74.54499816894531;100.4645004272461;70.99299621582031
2020-02-25;72.0199966430664;98.63700103759766;69.31600189208984
2020-02-26;73.1624984741211;98.97949981689453;69.52349853515625
2020-02-27;68.37999725341797;94.21499633789062;65.74749755859375
2020-02-28;68.33999633789062;94.1875;66.9625015258789
2020-03-02;74.70249938964844;97.69750213623047;69.31600189208984
2020-03-03;72.33000183105469;95.44950103759766;66.88600158691406
2020-03-04;75.68499755859375;98.79149627685547;69.08000183105469
2020-03-05;73.2300033569336;96.20149993896484;65.73799896240234
2020-03-06;72.25749969482422;95.05449676513672;64.78700256347656
2020-03-09;66.5425033569336;90.03050231933594;60.78950119018555
2020-03-10;71.33499908447266;94.59100341796875;63.75849914550781
2020-03-11;68.85749816894531;91.04299926757812;60.54499816894531
2020-03-12;62.057498931884766;83.83049774169922;55.57749938964844
2020-03-13;69.49250030517578;89.25;60.7135009765625
2020-03-16;60.5525016784668;84.4574966430664;53.650001525878906
2020-03-17;63.21500015258789;90.39199829101562;55.90299987792969
2020-03-18;61.66749954223633;91.5;54.55950164794922
2020-03-19;61.19499969482422;94.04650115966797;55.583499908447266
2020-03-20;57.310001373291016;92.30449676513672;53.410499572753906
2020-03-23;56.092498779296875;95.1415023803711;52.70650100708008
2020-03-24;61.720001220703125;97.00499725341797;56.5004997253418
2020-03-25;61.380001068115234;94.29199981689453;55.08100128173828
2020-03-26;64.61000061035156;97.77449798583984;58.145999908447266
2020-03-27;61.935001373291016;95.00499725341797;55.51300048828125
2020-03-30;63.70249938964844;98.19750213623047;57.31549835205078
2020-03-31;63.5724983215332;97.48600006103516;58.09749984741211
2020-04-01;60.227500915527344;95.38500213623047;55.10499954223633
2020-04-02;61.23249816894531;95.94149780273438;55.85150146484375
2020-04-03;60.352500915527344;95.32949829101562;54.6349983215332
2020-04-06;65.61750030517578;99.87950134277344;59.15950012207031
2020-04-07;64.85749816894531;100.58000183105469;59.12799835205078
2020-04-08;66.51750183105469;102.1500015258789;60.349998474121094
2020-04-09;66.99749755859375;102.13800048828125;60.32849884033203
2020-04-13;68.3125;108.44349670410156;60.52050018310547
2020-04-14;71.76249694824219;114.16600036621094;63.26150131225586
2020-04-15;71.10749816894531;115.38400268554688;62.8650016784668
2020-04-16;71.67250061035156;120.40950012207031;62.871498107910156
2020-04-17;70.69999694824219;118.75;63.95000076293945
2020-04-20;69.23249816894531;119.68049621582031;63.057498931884766
2020-04-21;67.09249877929688;116.40599822998047;60.608001708984375
2020-04-22;69.0250015258789;118.17449951171875;62.920501708984375
2020-04-23;68.75749969482422;119.97250366210938;63.55849838256836
2020-04-24;70.74250030517578;120.51100158691406;63.83000183105469
2020-04-27;70.7925033569336;118.80000305175781;63.542999267578125
2020-04-28;69.6449966430664;115.7040023803711;61.62950134277344
2020-04-29;71.93250274658203;118.635498046875;67.10900115966797
2020-04-30;73.44999694824219;123.69999694824219;67.33499908447266
2020-05-01;72.26750183105469;114.302001953125;65.86599731445312
2020-05-04;73.29000091552734;115.79949951171875;66.1449966430664
2020-05-05;74.38999938964844;115.88999938964844;67.45099639892578
2020-05-06;75.15750122070312;117.56300354003906;67.27149963378906
2020-05-07;75.93499755859375;118.38050079345703;68.46399688720703
2020-05-08;77.53250122070312;118.98049926757812;69.21700286865234
2020-05-11;78.75250244140625;120.44999694824219;70.17949676513672
2020-05-12;77.85250091552734;117.84750366210938;68.75900268554688
2020-05-13;76.9124984741211;118.39600372314453;67.41649627685547
2020-05-14;77.38500213623047;119.44249725341797;67.84300231933594
2020-05-15;76.92749786376953;120.48899841308594;68.65299987792969
2020-05-18;78.73999786376953;121.31300354003906;69.25900268554688
2020-05-19;78.28500366210938;122.46649932861328;68.72000122070312
2020-05-20;79.80750274658203;124.89700317382812;70.45800018310547
2020-05-21;79.2125015258789;122.33699798583984;70.3375015258789
2020-05-22;79.72250366210938;121.84400177001953;70.66200256347656
2020-05-26;79.18250274658203;121.09300231933594;71.06849670410156
2020-05-27;79.52749633789062;120.51950073242188;71.01399993896484
2020-05-28;79.5625;120.05500030517578;70.91200256347656
2020-05-29;79.48500061035156;122.11849975585938;71.6760025024414
2020-06-01;80.4625015258789;123.552001953125;71.74349975585938
2020-06-02;80.83499908447266;123.62049865722656;72.1155014038086
2020-06-03;81.27999877929688;123.91999816894531;71.9625015258789
2020-06-04;80.58000183105469;123.02999877929688;70.71499633789062
2020-06-05;82.875;124.1500015258789;72.0009994506836
2020-06-08;83.36499786376953;126.2030029296875;72.4020004272461
2020-06-09;85.99749755859375;130.04299926757812;72.60399627685547
2020-06-10;88.20999908447266;132.37249755859375;73.23500061035156
2020-06-11;83.9749984741211;127.89800262451172;70.09500122070312
2020-06-12;84.69999694824219;127.2509994506836;70.64600372314453
2020-06-15;85.74749755859375;128.63400268554688;71.03700256347656
2020-06-16;88.0199966430664;130.7635040283203;72.32350158691406
2020-06-17;87.89749908447266;132.0489959716797;72.62699890136719
2020-06-18;87.93250274658203;132.69900512695312;71.70600128173828
2020-06-19;87.43000030517578;133.75050354003906;71.23200225830078
2020-06-22;89.71749877929688;135.6909942626953;72.53299713134766
2020-06-23;91.63249969482422;138.2205047607422;73.1989974975586
2020-06-24;90.01499938964844;136.72000122070312;71.63500213623047
2020-06-25;91.20999908447266;137.72900390625;72.05500030517578
2020-06-26;88.40750122070312;134.64349365234375;68.12699890136719
2020-06-29;90.44499969482422;134.0189971923828;69.8584976196289
2020-06-30;91.19999694824219;137.9409942626953;70.90249633789062
2020-07-01;91.02749633789062;143.93499755859375;72.0999984741211
2020-07-02;91.02749633789062;144.51499938964844;73.49649810791016
2020-07-06;93.4625015258789;152.8520050048828;74.98249816894531
2020-07-07;93.17250061035156;150.00599670410156;74.49600219726562
2020-07-08;95.34249877929688;154.0554962158203;75.18000030517578
2020-07-09;95.75250244140625;159.13150024414062;75.93299865722656
2020-07-10;95.91999816894531;160.0;76.95050048828125
2020-07-13;95.47750091552734;155.1999969482422;75.61150360107422
2020-07-14;97.05750274658203;154.1999969482422;76.04299926757812
2020-07-15;97.7249984741211;150.44349670410156;75.84400177001953
2020-07-16;96.52249908447266;149.9949951171875;75.74600219726562
2020-07-17;96.32749938964844;148.09849548339844;75.84249877929688
2020-07-20;98.35749816894531;159.8419952392578;78.19200134277344
2020-07-21;97.0;156.9145050048828;77.7959976196289
2020-07-22;97.27249908447266;154.99549865722656;78.24250030517578
2020-07-23;92.84500122070312;149.32749938964844;75.8375015258789
2020-07-24;92.61499786376953;150.44549560546875;75.4104995727539
2020-07-27;94.80999755859375;152.760498046875;76.47149658203125
2020-07-28;93.25250244140625;150.01649475097656;75.18250274658203
2020-07-29;95.04000091552734;151.67649841308594;76.17549896240234
2020-07-30;96.19000244140625;152.593994140625;76.91850280761719
2020-07-31;106.26000213623047;158.23399353027344;74.39749908447266
2020-08-03;108.9375;155.59449768066406;74.13800048828125
2020-08-04;109.66500091552734;156.94149780273438;73.66500091552734
2020-08-05;110.0625;160.25149536132812;73.95449829101562
2020-08-06;113.90249633789062;161.25;75.24749755859375
2020-08-07;111.11250305175781;158.3730010986328;74.91850280761719
2020-08-10;112.72750091552734;157.4080047607422;74.84100341796875
2020-08-11;109.375;154.0334930419922;74.0270004272461
2020-08-12;113.01000213623047;158.11199951171875;75.36199951171875
2020-08-13;115.01000213623047;158.05099487304688;75.8324966430664
2020-08-14;114.90750122070312;157.4010009765625;75.23149871826172
2020-08-17;114.60749816894531;159.12049865722656;75.81199645996094
2020-08-18;115.5625;165.62449645996094;77.78900146484375
2020-08-19;115.7074966430664;163.0240020751953;77.23049926757812
2020-08-20;118.2750015258789;164.86849975585938;78.8125
2020-08-21;124.37000274658203;164.23599243164062;78.77850341796875
2020-08-24;125.85749816894531;165.3730010986328;79.25749969482422
2020-08-25;124.82499694824219;167.32449340820312;80.2925033569336
2020-08-26;126.52249908447266;172.09249877929688;82.20649719238281
2020-08-27;125.01000213623047;170.0;81.4260025024414
2020-08-28;124.80750274658203;170.08999633789062;81.97149658203125
2020-08-31;129.0399932861328;172.54800415039062;81.47650146484375
2020-09-01;134.17999267578125;174.95599365234375;82.75399780273438
2020-09-02;131.39999389648438;176.57249450683594;85.86949920654297
2020-09-03;120.87999725341797;168.39999389648438;81.47550201416016
2020-09-04;120.95999908447266;164.7310028076172;79.06050109863281
2020-09-08;112.81999969482422;157.49200439453125;76.18000030517578
2020-09-09;117.31999969482422;163.4304962158203;77.36150360107422
2020-09-10;113.48999786376953;158.7554931640625;76.30249786376953
2020-09-11;112.0;155.81100463867188;75.78800201416016
2020-09-14;115.36000061035156;155.14849853515625;75.44149780273438
2020-09-15;115.54000091552734;157.80650329589844;76.75599670410156
2020-09-16;112.12999725341797;153.90499877929688;75.60449981689453
2020-09-17;110.33999633789062;150.43649291992188;74.35199737548828
2020-09-18;106.83999633789062;147.74549865722656;72.55449676513672
2020-09-21;110.08000183105469;148.02349853515625;71.50700378417969
2020-09-22;111.80999755859375;156.44949340820312;72.99099731445312
2020-09-23;107.12000274658203;149.9929962158203;70.46949768066406
2020-09-24;108.22000122070312;150.989501953125;71.14299774169922
2020-09-25;112.27999877929688;154.75650024414062;71.9530029296875
2020-09-28;114.95999908447266;158.70249938964844;72.93299865722656
2020-09-29;114.08999633789062;157.24400329589844;73.3010025024414
2020-09-30;115.80999755859375;157.43649291992188;73.27999877929688
2020-10-01;116.79000091552734;161.06300354003906;74.3949966430664
2020-10-02;113.0199966430664;156.25;72.77999877929688
2020-10-05;116.5;159.9600067138672;74.1415023803711
2020-10-06;113.16000366210938;154.9980010986328;72.5510025024414
2020-10-07;115.08000183105469;159.7845001220703;72.95700073242188
2020-10-08;114.97000122070312;159.52749633789062;74.17150115966797
2020-10-09;116.97000122070312;164.33250427246094;75.52249908447266
2020-10-12;124.4000015258789;172.14649963378906;78.22949981689453
2020-10-13;121.0999984741211;172.18150329589844;78.35350036621094
2020-10-14;121.19000244140625;168.1855010986328;78.1719970703125
2020-10-15;120.70999908447266;166.9324951171875;77.77349853515625
2020-10-16;119.0199966430664;163.635498046875;78.38500213623047
2020-10-19;115.9800033569336;160.36050415039062;76.49749755859375
2020-10-20;117.51000213623047;160.85049438476562;77.55400085449219
2020-10-21;116.87000274658203;159.2469940185547;79.29949951171875
2020-10-22;115.75;158.82000732421875;80.33300018310547
2020-10-23;115.04000091552734;160.22000122070312;81.64900207519531
2020-10-26;115.05000305175781;160.3520050048828;79.2145004272461
2020-10-27;116.5999984741211;164.31649780273438;79.94400024414062
2020-10-28;111.19999694824219;158.13900756835938;75.54000091552734
2020-10-29;115.31999969482422;160.55050659179688;77.84400177001953
2020-10-30;108.86000061035156;151.8074951171875;80.80549621582031
2020-11-02;108.7699966430664;150.2239990234375;81.21600341796875
2020-11-03;110.44000244140625;152.42050170898438;82.28299713134766
2020-11-04;114.94999694824219;162.05799865722656;87.2925033569336
2020-11-05;119.02999877929688;166.10000610351562;88.125
2020-11-06;118.69000244140625;165.56849670410156;87.98650360107422
2020-11-09;116.31999969482422;157.18699645996094;88.07099914550781
2020-11-10;115.97000122070312;151.75100708007812;86.88600158691406
2020-11-11;119.48999786376953;156.8695068359375;87.36150360107422
2020-11-12;119.20999908447266;155.51400756835938;87.14099884033203
2020-11-13;119.26000213623047;156.4405059814453;88.61299896240234
2020-11-16;120.30000305175781;156.55299377441406;88.70149993896484
2020-11-17;119.38999938964844;156.7830047607422;88.08300018310547
2020-11-18;118.02999877929688;155.2729949951172;87.03199768066406
2020-11-19;118.63999938964844;155.8509979248047;87.92849731445312
2020-11-20;117.33999633789062;154.97000122070312;86.81900024414062
2020-11-23;113.8499984741211;154.91949462890625;86.37799835205078
2020-11-24;115.16999816894531;155.9029998779297;88.19499969482422
2020-11-25;116.02999877929688;159.2534942626953;88.20649719238281
2020-11-27;116.58999633789062;159.76699829101562;89.35099792480469
2020-11-30;119.05000305175781;158.40199279785156;87.72000122070312
2020-12-01;122.72000122070312;161.00399780273438;89.76799774169922
2020-12-02;123.08000183105469;160.17649841308594;91.24849700927734
2020-12-03;122.94000244140625;159.3365020751953;91.09200286865234
2020-12-04;122.25;158.12899780273438;91.18800354003906
2020-12-07;123.75;157.89999389648438;90.85150146484375
2020-12-08;124.37999725341797;158.864501953125;90.56649780273438
2020-12-09;121.77999877929688;155.2100067138672;88.89299774169922
2020-12-10;123.23999786376953;155.07449340820312;88.38249969482422
2020-12-11;122.41000366210938;155.8209991455078;88.73999786376953
2020-12-14;121.77999877929688;157.84849548339844;87.61299896240234
2020-12-15;127.87999725341797;158.25599670410156;88.05400085449219
2020-12-16;127.80999755859375;162.04800415039062;87.8594970703125
2020-12-17;128.6999969482422;161.8040008544922;87.02549743652344
2020-12-18;126.66000366210938;160.08250427246094;86.31099700927734
2020-12-21;128.22999572753906;160.3090057373047;86.72799682617188
2020-12-22;131.8800048828125;160.3260040283203;86.01100158691406
2020-12-23;130.9600067138672;159.2635040283203;86.4114990234375
2020-12-24;131.97000122070312;158.63450622558594;86.70800018310547
2020-12-28;136.69000244140625;164.197998046875;88.697998046875
2020-12-29;134.8699951171875;166.10000610351562;87.88800048828125
2020-12-30;133.72000122070312;164.29249572753906;86.8125
2020-12-31;132.69000244140625;162.84649658203125;87.63200378417969
2021-01-04;129.41000366210938;159.3314971923828;86.30650329589844
2021-01-05;131.00999450683594;160.92550659179688;87.00250244140625
2021-01-06;126.5999984741211;156.91900634765625;86.14399719238281
2021-01-07;130.9199981689453;158.10800170898438;88.71700286865234
2021-01-08;132.0500030517578;159.13499450683594;89.8915023803711
2021-01-11;128.97999572753906;155.7104949951172;87.81449890136719
2021-01-12;128.8000030517578;156.04150390625;86.87149810791016
2021-01-13;130.88999938964844;158.29449462890625;87.36250305175781
2021-01-14;128.91000366210938;156.37350463867188;86.5459976196289
2021-01-15;127.13999938964844;155.21249389648438;86.38099670410156
2021-01-19;127.83000183105469;156.03799438476562;89.22350311279297
2021-01-20;132.02999877929688;163.16900634765625;94.00350189208984
2021-01-21;136.8699951171875;165.34950256347656;94.2074966430664
2021-01-22;139.07000732421875;164.6114959716797;94.62799835205078
2021-01-25;142.9199981689453;164.6999969482422;94.71399688720703
2021-01-26;143.16000366210938;166.30650329589844;95.39749908447266
2021-01-27;142.05999755859375;161.62899780273438;90.9469985961914
2021-01-28;137.08999633789062;161.88099670410156;92.66000366210938
2021-01-29;131.9600067138672;160.30999755859375;91.36799621582031
2021-02-01;134.13999938964844;167.1439971923828;94.65350341796875
2021-02-02;134.99000549316406;169.0;95.95600128173828
2021-02-03;133.94000244140625;165.62649536132812;102.94400024414062
2021-02-04;137.38999938964844;166.5500030517578;102.68150329589844
2021-02-05;136.75999450683594;167.6074981689453;104.44149780273438
2021-02-08;136.91000366210938;166.14700317382812;104.22599792480469
2021-02-09;136.00999450683594;165.25;103.76950073242188
2021-02-10;135.38999938964844;164.32899475097656;104.3239974975586
2021-02-11;135.1300048828125;163.10650634765625;104.4375
2021-02-12;135.3699951171875;163.885498046875;104.75150299072266
2021-02-16;133.19000244140625;163.44749450683594;105.53500366210938
2021-02-17;130.83999633789062;165.4320068359375;105.93099975585938
2021-02-18;129.7100067138672;166.4114990234375;105.29049682617188
2021-02-19;129.8699951171875;162.4949951171875;104.44049835205078
2021-02-22;126.0;159.03700256347656;102.71299743652344
2021-02-23;125.86000061035156;159.72500610351562;103.00599670410156
2021-02-24;125.3499984741211;157.97650146484375;104.19049835205078
2021-02-25;120.98999786376953;152.85800170898438;100.79750061035156
2021-02-26;121.26000213623047;154.64649963378906;101.09549713134766
2021-03-01;127.79000091552734;157.3070068359375;103.48300170898438
2021-03-02;125.12000274658203;154.72650146484375;103.2239990234375
2021-03-03;122.05999755859375;150.25;100.57050323486328
2021-03-04;120.12999725341797;148.8784942626953;101.69650268554688
2021-03-05;121.41999816894531;150.0229949951172;104.85350036621094
2021-03-08;116.36000061035156;147.59750366210938;100.375
2021-03-09;121.08999633789062;153.1425018310547;102.01799774169922
2021-03-10;119.9800033569336;152.8820037841797;101.80950164794922
2021-03-11;121.95999908447266;155.67950439453125;105.0270004272461
2021-03-12;121.02999877929688;154.47450256347656;102.5
2021-03-15;123.98999786376953;154.08399963378906;102.72200012207031
2021-03-16;125.56999969482422;154.59300231933594;104.19450378417969
2021-03-17;124.76000213623047;156.7864990234375;104.11100006103516
2021-03-18;120.52999877929688;151.39950561523438;101.06700134277344
2021-03-19;119.98999786376953;153.7480010986328;101.3479995727539
2021-03-22;123.38999938964844;155.5435028076172;101.53450012207031
2021-03-23;122.54000091552734;156.875;102.06649780273438
2021-03-24;120.08999633789062;154.35350036621094;101.62650299072266
2021-03-25;120.58999633789062;152.31300354003906;101.62300109863281
2021-03-26;121.20999908447266;152.60150146484375;101.23650360107422
2021-03-29;121.38999938964844;153.7864990234375;102.28949737548828
2021-03-30;119.9000015258789;152.76449584960938;102.32350158691406
2021-03-31;122.1500015258789;154.70399475097656;103.1259994506836
2021-04-01;123.0;158.0500030517578;106.48899841308594
2021-04-05;125.9000015258789;161.3365020751953;110.947998046875
2021-04-06;126.20999908447266;161.1909942626953;110.46299743652344
2021-04-07;127.9000015258789;163.96949768066406;111.95149993896484
2021-04-08;130.36000061035156;164.96499633789062;112.52149963378906
2021-04-09;133.0;168.61000061035156;113.53350067138672
2021-04-12;131.24000549316406;168.96949768066406;112.23100280761719
2021-04-13;134.42999267578125;170.0;112.72149658203125
2021-04-14;132.02999877929688;166.64999389648438;112.09549713134766
2021-04-15;134.5;168.95449829101562;114.26249694824219
2021-04-16;134.16000366210938;169.9720001220703;114.13749694824219
2021-04-19;134.83999633789062;168.60049438476562;114.48799896240234
2021-04-20;133.11000061035156;166.7344970703125;113.95050048828125
2021-04-21;133.5;168.1009979248047;113.9175033569336
2021-04-22;131.94000244140625;165.45199584960938;112.6259994506836
2021-04-23;134.32000732421875;167.04400634765625;114.99649810791016
2021-04-26;134.72000122070312;170.4499969482422;115.49649810791016
2021-04-27;134.38999938964844;170.8715057373047;114.54900360107422
2021-04-28;133.5800018310547;172.9250030517578;117.9520034790039
2021-04-29;133.47999572753906;173.5655059814453;119.63800048828125
2021-04-30;131.4600067138672;173.37100219726562;117.67500305175781
2021-05-03;132.5399932861328;169.32449340820312;117.15399932861328
2021-05-04;127.8499984741211;165.593505859375;115.34149932861328
2021-05-05;128.10000610351562;163.52699279785156;115.7385025024414
2021-05-06;129.74000549316406;165.31849670410156;116.86750030517578
2021-05-07;130.2100067138672;164.58050537109375;117.59649658203125
2021-05-10;126.8499984741211;159.52450561523438;114.5875015258789
2021-05-11;125.91000366210938;161.19549560546875;113.50299835205078
2021-05-12;122.7699966430664;157.5970001220703;110.01249694824219
2021-05-13;124.97000122070312;158.07350158691406;111.4520034790039
2021-05-14;127.44999694824219;161.14500427246094;113.91899871826172
2021-05-17;126.2699966430664;163.51950073242188;114.44599914550781
2021-05-18;124.8499984741211;161.61399841308594;113.12349700927734
2021-05-19;124.69000244140625;161.58999633789062;113.57499694824219
2021-05-20;127.30999755859375;162.38400268554688;115.34750366210938
2021-05-21;125.43000030517578;160.1540069580078;114.70649719238281
2021-05-24;127.0999984741211;162.24949645996094;118.052001953125
2021-05-25;126.9000015258789;162.95249938964844;118.14350128173828
2021-05-26;126.8499984741211;163.25799560546875;119.0155029296875
2021-05-27;125.27999877929688;161.5054931640625;118.13400268554688
2021-05-28;124.61000061035156;161.15350341796875;117.84249877929688
2021-06-01;124.27999877929688;160.9324951171875;119.05899810791016
2021-06-02;125.05999755859375;161.69949340820312;118.52950286865234
2021-06-03;123.54000091552734;159.35049438476562;117.37899780273438
2021-06-04;125.88999938964844;160.31100463867188;119.67849731445312
2021-06-07;125.9000015258789;159.90049743652344;120.11499786376953
2021-06-08;126.73999786376953;163.20550537109375;119.9219970703125
2021-06-09;127.12999725341797;164.0574951171875;120.39700317382812
2021-06-10;126.11000061035156;167.4824981689453;121.75650024414062
2021-06-11;127.3499984741211;167.3415069580078;121.51000213623047
2021-06-14;130.47999572753906;169.19349670410156;122.44550323486328
2021-06-15;129.63999938964844;169.156494140625;121.41950225830078
2021-06-16;130.14999389648438;170.7624969482422;120.77249908447266
2021-06-17;131.7899932861328;174.46200561523438;121.74349975585938
2021-06-18;130.4600067138672;174.34500122070312;120.11100006103516
2021-06-21;132.3000030517578;172.697998046875;121.8125
2021-06-22;133.97999572753906;175.27200317382812;122.33049774169922
2021-06-23;133.6999969482422;175.1909942626953;122.12699890136719
2021-06-24;133.41000366210938;172.45399475097656;122.5
2021-06-25;133.11000061035156;170.072998046875;122.50849914550781
2021-06-28;134.77999877929688;172.1945037841797;122.53600311279297
2021-06-29;136.3300018310547;172.40699768066406;122.27249908447266
2021-06-30;136.9600067138672;172.00799560546875;122.0895004272461
2021-07-01;137.27000427246094;171.64849853515625;122.44450378417969
2021-07-02;139.9600067138672;175.5489959716797;125.25749969482422
2021-07-06;142.02000427246094;183.78700256347656;126.19000244140625
2021-07-07;144.57000732421875;184.82899475097656;126.4739990234375
2021-07-08;143.24000549316406;186.57049560546875;125.04399871826172
2021-07-09;145.11000061035156;185.9669952392578;125.51850128173828
2021-07-12;144.5;185.92750549316406;126.97550201416016
2021-07-13;145.63999938964844;183.8679962158203;127.34149932861328
2021-07-14;149.14999389648438;184.08399963378906;128.23699951171875
2021-07-15;148.47999572753906;181.55999755859375;127.00499725341797
2021-07-16;146.38999938964844;178.68150329589844;126.97000122070312
2021-07-19;142.4499969482422;177.47950744628906;124.5780029296875
2021-07-20;146.14999389648438;178.6595001220703;126.20950317382812
2021-07-21;145.39999389648438;179.25999450683594;127.54900360107422
2021-07-22;146.8000030517578;181.90150451660156;128.42149353027344
2021-07-23;148.55999755859375;182.83200073242188;133.01499938964844
2021-07-26;148.99000549316406;184.99099731445312;134.03500366210938
2021-07-27;146.77000427246094;181.3195037841797;131.89999389648438
2021-07-28;144.97999572753906;181.51600646972656;136.093994140625
2021-07-29;145.63999938964844;179.99600219726562;135.77749633789062
2021-07-30;145.86000061035156;166.37950134277344;134.72650146484375
2021-08-02;145.52000427246094;166.57400512695312;134.85450744628906
2021-08-03;147.36000061035156;168.31199645996094;135.6300048828125
2021-08-04;146.9499969482422;167.73599243164062;135.12550354003906
2021-08-05;147.05999755859375;168.79949951171875;136.25149536132812
2021-08-06;146.13999938964844;167.2469940185547;135.73849487304688
2021-08-09;146.08999633789062;167.093505859375;136.91299438476562
2021-08-10;145.60000610351562;166.03399658203125;136.8070068359375
2021-08-11;145.86000061035156;164.60549926757812;136.2790069580078
2021-08-12;148.88999938964844;165.1750030517578;137.19400024414062
2021-08-13;149.10000610351562;164.69850158691406;137.7274932861328
2021-08-16;151.1199951171875;164.94949340820312;138.3094940185547
2021-08-17;150.19000244140625;162.09800720214844;136.6614990234375
2021-08-18;146.36000061035156;160.06100463867188;135.44900512695312
2021-08-19;146.6999969482422;159.3874969482422;135.67999267578125
2021-08-20;148.19000244140625;159.99749755859375;137.42950439453125
2021-08-23;149.7100067138672;163.2935028076172;140.04150390625
2021-08-24;149.6199951171875;165.28900146484375;141.26150512695312
2021-08-25;148.36000061035156;164.95899963378906;142.07899475097656
2021-08-26;147.5399932861328;165.8000030517578;141.4405059814453
2021-08-27;148.60000610351562;167.48150634765625;144.00399780273438
2021-08-30;153.1199951171875;171.07850646972656;144.5904998779297
2021-08-31;151.8300018310547;173.5395050048828;144.69749450683594
2021-09-01;152.50999450683594;173.9499969482422;145.2154998779297
2021-09-02;153.64999389648438;173.156005859375;143.28700256347656
2021-09-03;154.3000030517578;173.90249633789062;143.739501953125
2021-09-07;156.69000244140625;175.46449279785156;144.28050231933594
2021-09-08;155.11000061035156;176.27499389648438;143.6909942626953
2021-09-09;154.07000732421875;174.20799255371094;143.54100036621094
2021-09-10;148.97000122070312;173.45750427246094;140.87600708007812
2021-09-13;149.5500030517578;172.85850524902344;142.33250427246094
2021-09-14;148.1199951171875;172.5;142.54449462890625
2021-09-15;149.02999877929688;173.7895050048828;144.42950439453125
2021-09-16;148.7899932861328;174.41200256347656;143.61000061035156
2021-09-17;146.05999755859375;173.12600708007812;140.8000030517578
2021-09-20;142.94000244140625;167.7864990234375;138.71949768066406
2021-09-21;143.42999267578125;167.18150329589844;139.0330047607422
2021-09-22;145.85000610351562;169.00250244140625;140.2834930419922
2021-09-23;146.8300018310547;170.8000030517578;141.21600341796875
2021-09-24;146.9199981689453;171.2760009765625;142.21499633789062
2021-09-27;145.3699951171875;170.2899932861328;141.07200622558594
2021-09-28;141.91000366210938;165.79800415039062;135.8300018310547
2021-09-29;142.8300018310547;165.05599975585938;134.35350036621094
2021-09-30;141.5;164.2519989013672;133.67599487304688
2021-10-01;142.64999389648438;164.16299438476562;136.54299926757812
2021-10-04;139.13999938964844;159.48899841308594;133.6595001220703
2021-10-05;141.11000061035156;161.0500030517578;136.0229949951172
2021-10-06;142.0;163.10049438476562;137.56500244140625
2021-10-07;143.2899932861328;165.1215057373047;139.22500610351562
2021-10-08;142.89999389648438;164.43099975585938;139.78550720214844
2021-10-11;142.80999755859375;162.31500244140625;138.91400146484375
2021-10-12;141.50999450683594;162.3665008544922;136.44900512695312
2021-10-13;140.91000366210938;164.21400451660156;137.58200073242188
2021-10-14;143.75999450683594;164.9929962158203;141.1510009765625
2021-10-15;144.83999633789062;170.4510040283203;141.3679962158203
2021-10-18;146.5500030517578;172.33700561523438;142.7779998779297
2021-10-19;148.75999450683594;172.20750427246094;143.23699951171875
2021-10-20;149.25999450683594;170.7530059814453;141.7689971923828
2021-10-21;149.47999572753906;171.75050354003906;141.88600158691406
2021-10-22;148.69000244140625;166.77749633789062;137.56649780273438
2021-10-25;148.63999938964844;166.01849365234375;137.44700622558594
2021-10-26;149.32000732421875;168.80349731445312;139.30850219726562
2021-10-27;148.85000610351562;169.62449645996094;146.21749877929688
2021-10-28;152.57000732421875;172.32850646972656;145.8489990234375
2021-10-29;149.8000030517578;168.6215057373047;148.04600524902344
2021-11-01;148.9600067138672;165.90550231933594;143.4969940185547
2021-11-02;150.02000427246094;165.6374969482422;145.4324951171875
2021-11-03;151.49000549316406;169.1999969482422;146.59800720214844
2021-11-04;150.9600067138672;173.85000610351562;148.2675018310547
2021-11-05;151.27999877929688;175.94949340820312;148.8520050048828
2021-11-08;150.44000244140625;174.44900512695312;149.031005859375
2021-11-09;150.80999755859375;178.81149291992188;148.9185028076172
2021-11-10;147.9199981689453;174.1024932861328;145.89349365234375
2021-11-11;147.8699951171875;173.625;145.76649475097656
2021-11-12;149.99000549316406;176.25750732421875;148.67799377441406
2021-11-15;150.0;177.28399658203125;148.45199584960938
2021-11-16;151.0;177.03500366210938;147.87600708007812
2021-11-17;153.49000549316406;177.4499969482422;148.0469970703125
2021-11-18;157.8699951171875;184.80299377441406;149.8385009765625
2021-11-19;160.5500030517578;183.82850646972656;148.92649841308594
2021-11-22;161.02000427246094;178.6284942626953;146.302001953125
2021-11-23;161.41000366210938;179.0019989013672;145.78199768066406
2021-11-24;161.94000244140625;179.02049255371094;146.1199951171875
2021-11-26;156.80999755859375;175.22799682617188;142.18299865722656
2021-11-29;160.24000549316406;178.07850646972656;145.53050231933594
2021-11-30;165.3000030517578;175.35350036621094;141.8975067138672
2021-12-01;164.77000427246094;172.18600463867188;141.05149841308594
2021-12-02;163.75999450683594;171.8679962158203;142.96600341796875
2021-12-03;161.83999633789062;169.489501953125;142.00149536132812
2021-12-06;165.32000732421875;171.36849975585938;143.15499877929688
2021-12-07;171.17999267578125;176.1645050048828;147.26950073242188
2021-12-08;175.0800018310547;176.1580047607422;148.18649291992188
2021-12-09;174.55999755859375;174.17100524902344;147.6385040283203
2021-12-10;179.4499969482422;172.21200561523438;148.00149536132812
2021-12-13;175.74000549316406;169.5675048828125;145.82650756835938
2021-12-14;174.3300018310547;169.0915069580078;143.90699768066406
2021-12-15;179.3000030517578;173.31500244140625;146.4409942626953
2021-12-16;172.25999450683594;168.87100219726562;144.44500732421875
2021-12-17;171.13999938964844;170.0175018310547;141.72500610351562
2021-12-20;169.75;167.07899475097656;141.60699462890625
2021-12-21;172.99000549316406;170.41700744628906;143.47250366210938
2021-12-22;175.63999938964844;171.03700256347656;146.4149932861328
2021-12-23;176.27999877929688;171.06849670410156;146.91650390625
2021-12-27;180.3300018310547;169.66949462890625;147.906494140625
2021-12-28;179.2899932861328;170.66099548339844;146.68699645996094
2021-12-29;179.3800048828125;169.2010040283203;146.65499877929688
2021-12-30;178.1999969482422;168.64450073242188;146.20050048828125
2021-12-31;177.57000732421875;166.7169952392578;144.8520050048828
