;BTC-USD
01/01/2015;314.2489929199219
02/01/2015;315.0320129394531
03/01/2015;281.0820007324219
04/01/2015;264.19500732421875
05/01/2015;274.4739990234375
06/01/2015;286.1889953613281
07/01/2015;294.3370056152344
08/01/2015;283.3489990234375
09/01/2015;290.4079895019531
10/01/2015;274.7959899902344
11/01/2015;265.6600036621094
12/01/2015;267.7959899902344
13/01/2015;225.86099243164062
14/01/2015;178.10299682617188
15/01/2015;209.843994140625
16/01/2015;208.0970001220703
17/01/2015;199.25999450683594
18/01/2015;210.33900451660156
19/01/2015;214.86099243164062
20/01/2015;211.31500244140625
21/01/2015;226.89700317382812
22/01/2015;233.406005859375
23/01/2015;232.87899780273438
24/01/2015;247.8470001220703
25/01/2015;253.71800231933594
26/01/2015;273.4729919433594
27/01/2015;263.4750061035156
28/01/2015;233.9149932861328
29/01/2015;233.51300048828125
30/01/2015;226.4250030517578
31/01/2015;217.46400451660156
01/02/2015;226.9720001220703
02/02/2015;238.22900390625
03/02/2015;227.26800537109375
04/02/2015;226.85299682617188
05/02/2015;217.11099243164062
06/02/2015;222.26600646972656
07/02/2015;227.75399780273438
08/02/2015;223.41200256347656
09/02/2015;220.11000061035156
10/02/2015;219.83900451660156
11/02/2015;219.18499755859375
12/02/2015;221.76400756835938
13/02/2015;235.427001953125
14/02/2015;257.3210144042969
15/02/2015;234.8249969482422
16/02/2015;233.84300231933594
17/02/2015;243.61000061035156
18/02/2015;236.3260040283203
19/02/2015;240.2830047607422
20/02/2015;243.7790069580078
21/02/2015;244.53399658203125
22/02/2015;235.9770050048828
23/02/2015;238.89199829101562
24/02/2015;238.73500061035156
25/02/2015;237.47000122070312
26/02/2015;236.42599487304688
27/02/2015;253.8280029296875
28/02/2015;254.26300048828125
01/03/2015;260.2019958496094
02/03/2015;275.6700134277344
03/03/2015;281.7019958496094
04/03/2015;273.0920104980469
05/03/2015;276.1780090332031
06/03/2015;272.7229919433594
07/03/2015;276.260986328125
08/03/2015;274.35400390625
09/03/2015;289.60699462890625
10/03/2015;291.760009765625
11/03/2015;296.3789978027344
12/03/2015;294.35400390625
13/03/2015;285.3370056152344
14/03/2015;281.885009765625
15/03/2015;286.39300537109375
16/03/2015;290.5929870605469
17/03/2015;285.5050048828125
18/03/2015;256.29901123046875
19/03/2015;260.9280090332031
20/03/2015;261.7489929199219
21/03/2015;260.0249938964844
22/03/2015;267.9599914550781
23/03/2015;266.739990234375
24/03/2015;245.59500122070312
25/03/2015;246.19700622558594
26/03/2015;248.53199768066406
27/03/2015;247.0290069580078
28/03/2015;252.79800415039062
29/03/2015;242.71299743652344
30/03/2015;247.5260009765625
31/03/2015;244.2239990234375
01/04/2015;247.27200317382812
02/04/2015;253.0050048828125
03/04/2015;254.32200622558594
04/04/2015;253.69700622558594
05/04/2015;260.5979919433594
06/04/2015;255.49200439453125
07/04/2015;253.17999267578125
08/04/2015;245.02200317382812
09/04/2015;243.67599487304688
10/04/2015;236.07200622558594
11/04/2015;236.552001953125
12/04/2015;236.1529998779297
13/04/2015;224.58700561523438
14/04/2015;219.15899658203125
15/04/2015;223.83299255371094
16/04/2015;228.572998046875
17/04/2015;222.8820037841797
18/04/2015;223.3560028076172
19/04/2015;222.60000610351562
20/04/2015;224.62600708007812
21/04/2015;235.2689971923828
22/04/2015;234.17599487304688
23/04/2015;236.46200561523438
24/04/2015;231.26800537109375
25/04/2015;226.38999938964844
26/04/2015;219.42999267578125
27/04/2015;229.28599548339844
28/04/2015;225.85499572753906
29/04/2015;225.80799865722656
30/04/2015;236.14500427246094
01/05/2015;232.07899475097656
02/05/2015;234.92999267578125
03/05/2015;240.35800170898438
04/05/2015;239.01800537109375
05/05/2015;236.12100219726562
06/05/2015;229.78199768066406
07/05/2015;237.33399963378906
08/05/2015;243.86300659179688
09/05/2015;241.83200073242188
10/05/2015;240.29600524902344
11/05/2015;242.1580047607422
12/05/2015;241.11199951171875
13/05/2015;236.3769989013672
14/05/2015;236.9290008544922
15/05/2015;237.60499572753906
16/05/2015;236.1529998779297
17/05/2015;236.802001953125
18/05/2015;233.1280059814453
19/05/2015;231.94700622558594
20/05/2015;234.01800537109375
21/05/2015;235.343994140625
22/05/2015;240.34800720214844
23/05/2015;238.8719940185547
24/05/2015;240.9530029296875
25/05/2015;237.11000061035156
26/05/2015;237.11599731445312
27/05/2015;237.2830047607422
28/05/2015;237.4080047607422
29/05/2015;237.0959930419922
30/05/2015;233.34500122070312
31/05/2015;230.19000244140625
01/06/2015;222.92599487304688
02/06/2015;225.80299377441406
03/06/2015;225.87399291992188
04/06/2015;224.32400512695312
05/06/2015;224.95199584960938
06/06/2015;225.61900329589844
07/06/2015;222.88099670410156
08/06/2015;228.48899841308594
09/06/2015;229.04800415039062
10/06/2015;228.80299377441406
11/06/2015;229.7050018310547
12/06/2015;229.98199462890625
13/06/2015;232.40199279785156
14/06/2015;233.54299926757812
15/06/2015;236.822998046875
16/06/2015;250.89500427246094
17/06/2015;249.28399658203125
18/06/2015;249.0070037841797
19/06/2015;244.6060028076172
20/06/2015;245.21200561523438
21/06/2015;243.94400024414062
22/06/2015;246.99000549316406
23/06/2015;244.29600524902344
24/06/2015;240.51499938964844
25/06/2015;242.7989959716797
26/06/2015;243.593994140625
27/06/2015;250.99000549316406
28/06/2015;249.01100158691406
29/06/2015;257.0639953613281
30/06/2015;263.0719909667969
01/07/2015;258.6210021972656
02/07/2015;255.41200256347656
03/07/2015;256.33599853515625
04/07/2015;260.885986328125
05/07/2015;271.9129943847656
06/07/2015;269.0299987792969
07/07/2015;266.2070007324219
08/07/2015;270.7850036621094
09/07/2015;269.2279968261719
10/07/2015;284.8940124511719
11/07/2015;293.114990234375
12/07/2015;310.86700439453125
13/07/2015;292.0539855957031
14/07/2015;287.4639892578125
15/07/2015;285.8290100097656
16/07/2015;278.0889892578125
17/07/2015;279.47198486328125
18/07/2015;274.9010009765625
19/07/2015;273.614013671875
20/07/2015;278.9809875488281
21/07/2015;275.8330078125
22/07/2015;277.22198486328125
23/07/2015;276.04901123046875
24/07/2015;288.27801513671875
25/07/2015;288.6969909667969
26/07/2015;292.6860046386719
27/07/2015;293.6239929199219
28/07/2015;294.427001953125
29/07/2015;289.5899963378906
30/07/2015;287.72198486328125
31/07/2015;284.6499938964844
01/08/2015;281.60101318359375
02/08/2015;282.614013671875
03/08/2015;281.22698974609375
04/08/2015;285.2179870605469
05/08/2015;281.8819885253906
06/08/2015;278.5769958496094
07/08/2015;279.5849914550781
08/08/2015;260.99700927734375
09/08/2015;265.0830078125
10/08/2015;264.4700012207031
11/08/2015;270.385986328125
12/08/2015;266.3760070800781
13/08/2015;264.0799865722656
14/08/2015;265.67999267578125
15/08/2015;261.5509948730469
16/08/2015;258.5069885253906
17/08/2015;257.97601318359375
18/08/2015;211.07899475097656
19/08/2015;226.6840057373047
20/08/2015;235.35000610351562
21/08/2015;232.56900024414062
22/08/2015;230.38999938964844
23/08/2015;228.16900634765625
24/08/2015;210.4949951171875
25/08/2015;221.60899353027344
26/08/2015;225.83099365234375
27/08/2015;224.7689971923828
28/08/2015;231.39599609375
29/08/2015;229.77999877929688
30/08/2015;228.76100158691406
31/08/2015;230.05599975585938
01/09/2015;228.12100219726562
02/09/2015;229.28399658203125
03/09/2015;227.18299865722656
04/09/2015;230.29800415039062
05/09/2015;235.0189971923828
06/09/2015;239.83999633789062
07/09/2015;239.8470001220703
08/09/2015;243.60699462890625
09/09/2015;238.16799926757812
10/09/2015;238.4770050048828
11/09/2015;240.10699462890625
12/09/2015;235.22900390625
13/09/2015;230.51199340820312
14/09/2015;230.6439971923828
15/09/2015;230.3040008544922
16/09/2015;229.09100341796875
17/09/2015;229.80999755859375
18/09/2015;232.97500610351562
19/09/2015;231.4929962158203
20/09/2015;231.21200561523438
21/09/2015;227.0850067138672
22/09/2015;230.6179962158203
23/09/2015;230.2830047607422
24/09/2015;234.5290069580078
25/09/2015;235.1439971923828
26/09/2015;234.33999633789062
27/09/2015;232.7570037841797
28/09/2015;239.14199829101562
29/09/2015;236.68699645996094
30/09/2015;236.05999755859375
01/10/2015;237.5489959716797
02/10/2015;237.29299926757812
03/10/2015;238.72999572753906
04/10/2015;238.25900268554688
05/10/2015;240.38299560546875
06/10/2015;246.06300354003906
07/10/2015;242.968994140625
08/10/2015;242.3040008544922
09/10/2015;243.93099975585938
10/10/2015;244.9409942626953
11/10/2015;247.0500030517578
12/10/2015;245.30799865722656
13/10/2015;249.50799560546875
14/10/2015;251.98899841308594
15/10/2015;254.32000732421875
16/10/2015;262.8689880371094
17/10/2015;270.6400146484375
18/10/2015;261.64300537109375
19/10/2015;263.43701171875
20/10/2015;269.4630126953125
21/10/2015;266.2720031738281
22/10/2015;274.02301025390625
23/10/2015;276.4960021972656
24/10/2015;281.65399169921875
25/10/2015;283.67999267578125
26/10/2015;285.29998779296875
27/10/2015;293.7879943847656
28/10/2015;304.6180114746094
29/10/2015;313.8550109863281
30/10/2015;328.0150146484375
31/10/2015;314.1659851074219
01/11/2015;325.4309997558594
02/11/2015;361.1889953613281
03/11/2015;403.4169921875
04/11/2015;411.56298828125
05/11/2015;386.35400390625
06/11/2015;374.4700012207031
07/11/2015;386.48199462890625
08/11/2015;373.3680114746094
09/11/2015;380.2569885253906
10/11/2015;336.8190002441406
11/11/2015;311.0840148925781
12/11/2015;338.1520080566406
13/11/2015;336.75299072265625
14/11/2015;332.906005859375
15/11/2015;320.1659851074219
16/11/2015;330.7510070800781
17/11/2015;335.093994140625
18/11/2015;334.5899963378906
19/11/2015;326.14898681640625
20/11/2015;322.0220031738281
21/11/2015;326.927001953125
22/11/2015;324.5360107421875
23/11/2015;323.0459899902344
24/11/2015;320.0459899902344
25/11/2015;328.20599365234375
26/11/2015;352.6839904785156
27/11/2015;358.0419921875
28/11/2015;357.3810119628906
29/11/2015;371.29400634765625
30/11/2015;377.3210144042969
01/12/2015;362.4880065917969
02/12/2015;359.18701171875
03/12/2015;361.0459899902344
04/12/2015;363.1830139160156
05/12/2015;388.9490051269531
06/12/2015;388.7829895019531
07/12/2015;395.5360107421875
08/12/2015;415.56298828125
09/12/2015;417.56298828125
10/12/2015;415.47900390625
11/12/2015;451.93798828125
12/12/2015;434.99700927734375
13/12/2015;433.7550048828125
14/12/2015;444.1820068359375
15/12/2015;465.3210144042969
16/12/2015;454.9339904785156
17/12/2015;456.0780029296875
18/12/2015;463.6159973144531
19/12/2015;462.3219909667969
20/12/2015;442.68499755859375
21/12/2015;438.6390075683594
22/12/2015;436.5719909667969
23/12/2015;442.4010009765625
24/12/2015;454.9849853515625
25/12/2015;455.65301513671875
26/12/2015;417.27398681640625
27/12/2015;422.822998046875
28/12/2015;422.27899169921875
29/12/2015;432.9830017089844
30/12/2015;426.6199951171875
31/12/2015;430.5669860839844
01/01/2016;434.3340148925781
02/01/2016;433.43798828125
03/01/2016;430.010986328125
04/01/2016;433.09100341796875
05/01/2016;431.9599914550781
06/01/2016;429.1050109863281
07/01/2016;458.0480041503906
08/01/2016;453.2300109863281
09/01/2016;447.6109924316406
10/01/2016;447.9909973144531
11/01/2016;448.4280090332031
12/01/2016;435.69000244140625
13/01/2016;432.3710021972656
14/01/2016;430.3059997558594
15/01/2016;364.33099365234375
16/01/2016;387.5360107421875
17/01/2016;382.29901123046875
18/01/2016;387.1679992675781
19/01/2016;380.14898681640625
20/01/2016;420.2300109863281
21/01/2016;410.2619934082031
22/01/2016;382.49200439453125
23/01/2016;387.4909973144531
24/01/2016;402.97100830078125
25/01/2016;391.72601318359375
26/01/2016;392.15301513671875
27/01/2016;394.97198486328125
28/01/2016;380.28900146484375
29/01/2016;379.4739990234375
30/01/2016;378.2550048828125
31/01/2016;368.7669982910156
01/02/2016;373.0559997558594
02/02/2016;374.447998046875
03/02/2016;369.9490051269531
04/02/2016;389.593994140625
05/02/2016;386.54901123046875
06/02/2016;376.5220031738281
07/02/2016;376.6199951171875
08/02/2016;373.4469909667969
09/02/2016;376.02899169921875
10/02/2016;381.64898681640625
11/02/2016;379.65399169921875
12/02/2016;384.26300048828125
13/02/2016;391.8599853515625
14/02/2016;407.2300109863281
15/02/2016;400.18499755859375
16/02/2016;407.4880065917969
17/02/2016;416.3219909667969
18/02/2016;422.37298583984375
19/02/2016;420.7850036621094
20/02/2016;437.16400146484375
21/02/2016;438.7980041503906
22/02/2016;437.74798583984375
23/02/2016;420.7359924316406
24/02/2016;424.9549865722656
25/02/2016;424.54400634765625
26/02/2016;432.1520080566406
27/02/2016;432.5190124511719
28/02/2016;433.5039978027344
29/02/2016;437.6969909667969
01/03/2016;435.12298583984375
02/03/2016;423.989013671875
03/03/2016;421.6510009765625
04/03/2016;410.9389953613281
05/03/2016;400.57000732421875
06/03/2016;407.7070007324219
07/03/2016;414.3210144042969
08/03/2016;413.97198486328125
09/03/2016;414.8599853515625
10/03/2016;417.1310119628906
11/03/2016;421.69000244140625
12/03/2016;411.6239929199219
13/03/2016;414.06500244140625
14/03/2016;416.43798828125
15/03/2016;416.8299865722656
16/03/2016;417.010986328125
17/03/2016;420.6210021972656
18/03/2016;409.5480041503906
19/03/2016;410.4440002441406
20/03/2016;413.7550048828125
21/03/2016;413.3070068359375
22/03/2016;418.0889892578125
23/03/2016;418.0409851074219
24/03/2016;416.3940124511719
25/03/2016;417.177001953125
26/03/2016;417.94500732421875
27/03/2016;426.7650146484375
28/03/2016;424.2309875488281
29/03/2016;416.5159912109375
30/03/2016;414.8160095214844
31/03/2016;416.72900390625
01/04/2016;417.9599914550781
02/04/2016;420.87298583984375
03/04/2016;420.90399169921875
04/04/2016;421.4440002441406
05/04/2016;424.0299987792969
06/04/2016;423.4129943847656
07/04/2016;422.7449951171875
08/04/2016;420.3489990234375
09/04/2016;419.4110107421875
10/04/2016;421.5639953613281
11/04/2016;422.4830017089844
12/04/2016;425.19000244140625
13/04/2016;423.7340087890625
14/04/2016;424.2820129394531
15/04/2016;429.7130126953125
16/04/2016;430.5719909667969
17/04/2016;427.39898681640625
18/04/2016;428.59100341796875
19/04/2016;435.5090026855469
20/04/2016;441.3890075683594
21/04/2016;449.42498779296875
22/04/2016;445.73699951171875
23/04/2016;450.2820129394531
24/04/2016;458.55499267578125
25/04/2016;461.4259948730469
26/04/2016;466.0889892578125
27/04/2016;444.68701171875
28/04/2016;449.010986328125
29/04/2016;455.09698486328125
30/04/2016;448.3179931640625
01/05/2016;451.875
02/05/2016;444.66900634765625
03/05/2016;450.3039855957031
04/05/2016;446.72198486328125
05/05/2016;447.97601318359375
06/05/2016;459.6029968261719
07/05/2016;458.5360107421875
08/05/2016;458.5480041503906
09/05/2016;460.4830017089844
10/05/2016;450.8949890136719
11/05/2016;452.7279968261719
12/05/2016;454.7659912109375
13/05/2016;455.6700134277344
14/05/2016;455.6709899902344
15/05/2016;457.5679931640625
16/05/2016;454.1629943847656
17/05/2016;453.7829895019531
18/05/2016;454.6189880371094
19/05/2016;438.7149963378906
20/05/2016;442.6759948730469
21/05/2016;443.18798828125
22/05/2016;439.322998046875
23/05/2016;444.1549987792969
24/05/2016;445.9809875488281
25/05/2016;449.5989990234375
26/05/2016;453.3840026855469
27/05/2016;473.4639892578125
28/05/2016;530.0399780273438
29/05/2016;526.2329711914062
30/05/2016;533.864013671875
31/05/2016;531.385986328125
01/06/2016;536.9199829101562
02/06/2016;537.9719848632812
03/06/2016;569.1939697265625
04/06/2016;572.7269897460938
05/06/2016;574.9769897460938
06/06/2016;585.5369873046875
07/06/2016;576.5969848632812
08/06/2016;581.64501953125
09/06/2016;574.6300048828125
10/06/2016;577.469970703125
11/06/2016;606.7269897460938
12/06/2016;672.7839965820312
13/06/2016;704.3759765625
14/06/2016;685.5590209960938
15/06/2016;694.468994140625
16/06/2016;766.3079833984375
17/06/2016;748.9089965820312
18/06/2016;756.2269897460938
19/06/2016;763.781005859375
20/06/2016;737.2260131835938
21/06/2016;666.6519775390625
22/06/2016;596.1160278320312
23/06/2016;623.9769897460938
24/06/2016;665.2990112304688
25/06/2016;665.1229858398438
26/06/2016;629.3670043945312
27/06/2016;655.2750244140625
28/06/2016;647.0009765625
29/06/2016;639.8900146484375
30/06/2016;673.3369750976562
01/07/2016;676.2960205078125
02/07/2016;703.7020263671875
03/07/2016;658.6640014648438
04/07/2016;683.6619873046875
05/07/2016;670.6270141601562
06/07/2016;677.3309936523438
07/07/2016;640.56201171875
08/07/2016;666.5230102539062
09/07/2016;650.9600219726562
10/07/2016;649.3599853515625
11/07/2016;647.6589965820312
12/07/2016;664.551025390625
13/07/2016;654.468017578125
14/07/2016;658.0780029296875
15/07/2016;663.2550048828125
16/07/2016;660.7670288085938
17/07/2016;679.458984375
18/07/2016;673.1060180664062
19/07/2016;672.864013671875
20/07/2016;665.6849975585938
21/07/2016;665.0120239257812
22/07/2016;650.6190185546875
23/07/2016;655.5560302734375
24/07/2016;661.2849731445312
25/07/2016;654.0969848632812
26/07/2016;651.7839965820312
27/07/2016;654.3519897460938
28/07/2016;655.0349731445312
29/07/2016;656.9920043945312
30/07/2016;655.0469970703125
31/07/2016;624.6810302734375
01/08/2016;606.27197265625
02/08/2016;547.4650268554688
03/08/2016;566.35498046875
04/08/2016;578.2890014648438
05/08/2016;575.0430297851562
06/08/2016;587.7780151367188
07/08/2016;592.6900024414062
08/08/2016;591.0540161132812
09/08/2016;587.801025390625
10/08/2016;592.10302734375
11/08/2016;589.1199951171875
12/08/2016;587.5590209960938
13/08/2016;585.5880126953125
14/08/2016;570.4730224609375
15/08/2016;567.239990234375
16/08/2016;577.4390258789062
17/08/2016;573.2160034179688
18/08/2016;574.3179931640625
19/08/2016;575.6300048828125
20/08/2016;581.697021484375
21/08/2016;581.3079833984375
22/08/2016;586.7529907226562
23/08/2016;583.4149780273438
24/08/2016;580.1820068359375
25/08/2016;577.760986328125
26/08/2016;579.6510009765625
27/08/2016;569.947021484375
28/08/2016;573.9119873046875
29/08/2016;574.1069946289062
30/08/2016;577.5029907226562
31/08/2016;575.4719848632812
01/09/2016;572.302978515625
02/09/2016;575.5369873046875
03/09/2016;598.2119750976562
04/09/2016;608.6339721679688
05/09/2016;606.5900268554688
06/09/2016;610.4359741210938
07/09/2016;614.5440063476562
08/09/2016;626.3159790039062
09/09/2016;622.8610229492188
10/09/2016;623.5089721679688
11/09/2016;606.718994140625
12/09/2016;608.2429809570312
13/09/2016;609.2410278320312
14/09/2016;610.6840209960938
15/09/2016;607.155029296875
16/09/2016;606.9730224609375
17/09/2016;605.9840087890625
18/09/2016;609.8740234375
19/09/2016;609.2269897460938
20/09/2016;608.31201171875
21/09/2016;597.1489868164062
22/09/2016;596.2979736328125
23/09/2016;602.8419799804688
24/09/2016;602.625
25/09/2016;600.8259887695312
26/09/2016;608.0430297851562
27/09/2016;606.166015625
28/09/2016;604.72802734375
29/09/2016;605.6929931640625
30/09/2016;609.7349853515625
01/10/2016;613.9829711914062
02/10/2016;610.8920288085938
03/10/2016;612.1329956054688
04/10/2016;610.2039794921875
05/10/2016;612.510986328125
06/10/2016;613.02099609375
07/10/2016;617.1209716796875
08/10/2016;619.1079711914062
09/10/2016;616.7520141601562
10/10/2016;618.9940185546875
11/10/2016;641.072021484375
12/10/2016;636.1920166015625
13/10/2016;636.7860107421875
14/10/2016;640.3779907226562
15/10/2016;638.64599609375
16/10/2016;641.6309814453125
17/10/2016;639.1929931640625
18/10/2016;637.9600219726562
19/10/2016;630.52001953125
20/10/2016;630.8569946289062
21/10/2016;632.8280029296875
22/10/2016;657.2940063476562
23/10/2016;657.0709838867188
24/10/2016;653.760986328125
25/10/2016;657.5880126953125
26/10/2016;678.3040161132812
27/10/2016;688.31298828125
28/10/2016;689.6510009765625
29/10/2016;714.47900390625
30/10/2016;701.864013671875
31/10/2016;700.9719848632812
01/11/2016;729.7930297851562
02/11/2016;740.8289794921875
03/11/2016;688.7000122070312
04/11/2016;703.2349853515625
05/11/2016;703.4180297851562
06/11/2016;711.52197265625
07/11/2016;703.1309814453125
08/11/2016;709.8480224609375
09/11/2016;723.2730102539062
10/11/2016;715.5339965820312
11/11/2016;716.4110107421875
12/11/2016;705.0540161132812
13/11/2016;702.031005859375
14/11/2016;705.02099609375
15/11/2016;711.6190185546875
16/11/2016;744.197998046875
17/11/2016;740.9769897460938
18/11/2016;751.5850219726562
19/11/2016;751.6160278320312
20/11/2016;731.0260009765625
21/11/2016;739.2479858398438
22/11/2016;751.3469848632812
23/11/2016;744.593994140625
24/11/2016;740.2890014648438
25/11/2016;741.6489868164062
26/11/2016;735.3820190429688
27/11/2016;732.0349731445312
28/11/2016;735.81298828125
29/11/2016;735.60400390625
30/11/2016;745.6909790039062
01/12/2016;756.7739868164062
02/12/2016;777.9439697265625
03/12/2016;771.155029296875
04/12/2016;773.8720092773438
05/12/2016;758.7000122070312
06/12/2016;764.2239990234375
07/12/2016;768.1320190429688
08/12/2016;770.8099975585938
09/12/2016;772.7940063476562
10/12/2016;774.6500244140625
11/12/2016;769.7310180664062
12/12/2016;780.0869750976562
13/12/2016;780.5560302734375
14/12/2016;781.4810180664062
15/12/2016;778.0880126953125
16/12/2016;784.906982421875
17/12/2016;790.8289794921875
18/12/2016;790.530029296875
19/12/2016;792.7139892578125
20/12/2016;800.8759765625
21/12/2016;834.281005859375
22/12/2016;864.5399780273438
23/12/2016;921.9840087890625
24/12/2016;898.822021484375
25/12/2016;896.1829833984375
26/12/2016;907.6099853515625
27/12/2016;933.197998046875
28/12/2016;975.9210205078125
29/12/2016;973.4970092773438
30/12/2016;961.2379760742188
31/12/2016;963.7429809570312
01/01/2017;998.3250122070312
02/01/2017;1021.75
03/01/2017;1043.8399658203125
04/01/2017;1154.72998046875
05/01/2017;1013.3800048828125
06/01/2017;902.2009887695312
07/01/2017;908.5850219726562
08/01/2017;911.198974609375
09/01/2017;902.8280029296875
10/01/2017;907.6790161132812
11/01/2017;777.7570190429688
12/01/2017;804.833984375
13/01/2017;823.9840087890625
14/01/2017;818.4119873046875
15/01/2017;821.7979736328125
16/01/2017;831.5339965820312
17/01/2017;907.93798828125
18/01/2017;886.6179809570312
19/01/2017;899.072998046875
20/01/2017;895.0260009765625
21/01/2017;921.7890014648438
22/01/2017;924.6729736328125
23/01/2017;921.0120239257812
24/01/2017;892.68701171875
25/01/2017;901.5419921875
26/01/2017;917.5859985351562
27/01/2017;919.75
28/01/2017;921.5900268554688
29/01/2017;919.4959716796875
30/01/2017;920.3820190429688
31/01/2017;970.4030151367188
01/02/2017;989.0230102539062
02/02/2017;1011.7999877929688
03/02/2017;1029.9100341796875
04/02/2017;1042.9000244140625
05/02/2017;1027.3399658203125
06/02/2017;1038.1500244140625
07/02/2017;1061.3499755859375
08/02/2017;1063.0699462890625
09/02/2017;994.3829956054688
10/02/2017;988.6740112304688
11/02/2017;1004.4500122070312
12/02/2017;999.1810302734375
13/02/2017;990.6420288085938
14/02/2017;1004.5499877929688
15/02/2017;1007.47998046875
16/02/2017;1027.43994140625
17/02/2017;1046.2099609375
18/02/2017;1054.4200439453125
19/02/2017;1047.8699951171875
20/02/2017;1079.97998046875
21/02/2017;1115.300048828125
22/02/2017;1117.43994140625
23/02/2017;1166.719970703125
24/02/2017;1173.6800537109375
25/02/2017;1143.8399658203125
26/02/2017;1165.199951171875
27/02/2017;1179.969970703125
28/02/2017;1179.969970703125
01/03/2017;1222.5
02/03/2017;1251.010009765625
03/03/2017;1274.989990234375
04/03/2017;1255.1500244140625
05/03/2017;1267.1199951171875
06/03/2017;1272.8299560546875
07/03/2017;1223.5400390625
08/03/2017;1150.0
09/03/2017;1188.489990234375
10/03/2017;1116.719970703125
11/03/2017;1175.8299560546875
12/03/2017;1221.3800048828125
13/03/2017;1231.9200439453125
14/03/2017;1240.0
15/03/2017;1249.6099853515625
16/03/2017;1187.81005859375
17/03/2017;1100.22998046875
18/03/2017;973.8179931640625
19/03/2017;1036.739990234375
20/03/2017;1054.22998046875
21/03/2017;1120.5400390625
22/03/2017;1049.1400146484375
23/03/2017;1038.5899658203125
24/03/2017;937.52001953125
25/03/2017;972.7789916992188
26/03/2017;966.7249755859375
27/03/2017;1045.77001953125
28/03/2017;1047.1500244140625
29/03/2017;1039.969970703125
30/03/2017;1026.4300537109375
31/03/2017;1071.7900390625
01/04/2017;1080.5
02/04/2017;1102.1700439453125
03/04/2017;1143.81005859375
04/04/2017;1133.25
05/04/2017;1124.780029296875
06/04/2017;1182.6800537109375
07/04/2017;1176.9000244140625
08/04/2017;1175.949951171875
09/04/2017;1187.8699951171875
10/04/2017;1187.1300048828125
11/04/2017;1205.010009765625
12/04/2017;1200.3699951171875
13/04/2017;1169.280029296875
14/04/2017;1167.5400390625
15/04/2017;1172.52001953125
16/04/2017;1182.93994140625
17/04/2017;1193.9100341796875
18/04/2017;1211.6700439453125
19/04/2017;1210.2900390625
20/04/2017;1229.0799560546875
21/04/2017;1222.050048828125
22/04/2017;1231.7099609375
23/04/2017;1207.2099609375
24/04/2017;1250.1500244140625
25/04/2017;1265.489990234375
26/04/2017;1281.0799560546875
27/04/2017;1317.72998046875
28/04/2017;1316.47998046875
29/04/2017;1321.7900390625
30/04/2017;1347.8900146484375
01/05/2017;1421.5999755859375
02/05/2017;1452.8199462890625
03/05/2017;1490.0899658203125
04/05/2017;1537.6700439453125
05/05/2017;1555.449951171875
06/05/2017;1578.800048828125
07/05/2017;1596.7099609375
08/05/2017;1723.3499755859375
09/05/2017;1755.3599853515625
10/05/2017;1787.1300048828125
11/05/2017;1848.5699462890625
12/05/2017;1724.239990234375
13/05/2017;1804.9100341796875
14/05/2017;1808.9100341796875
15/05/2017;1738.4300537109375
16/05/2017;1734.449951171875
17/05/2017;1839.0899658203125
18/05/2017;1888.6500244140625
19/05/2017;1987.7099609375
20/05/2017;2084.72998046875
21/05/2017;2041.199951171875
22/05/2017;2173.39990234375
23/05/2017;2320.419921875
24/05/2017;2443.639892578125
25/05/2017;2304.97998046875
26/05/2017;2202.419921875
27/05/2017;2038.8699951171875
28/05/2017;2155.800048828125
29/05/2017;2255.610107421875
30/05/2017;2175.469970703125
31/05/2017;2286.409912109375
01/06/2017;2407.8798828125
02/06/2017;2488.550048828125
03/06/2017;2515.35009765625
04/06/2017;2511.81005859375
05/06/2017;2686.81005859375
06/06/2017;2863.199951171875
07/06/2017;2732.159912109375
08/06/2017;2805.6201171875
09/06/2017;2823.81005859375
10/06/2017;2947.7099609375
11/06/2017;2958.110107421875
12/06/2017;2659.6298828125
13/06/2017;2717.02001953125
14/06/2017;2506.3701171875
15/06/2017;2464.580078125
16/06/2017;2518.56005859375
17/06/2017;2655.8798828125
18/06/2017;2548.2900390625
19/06/2017;2589.60009765625
20/06/2017;2721.7900390625
21/06/2017;2689.10009765625
22/06/2017;2705.409912109375
23/06/2017;2744.909912109375
24/06/2017;2608.719970703125
25/06/2017;2589.409912109375
26/06/2017;2478.449951171875
27/06/2017;2552.449951171875
28/06/2017;2574.7900390625
29/06/2017;2539.320068359375
30/06/2017;2480.840087890625
01/07/2017;2434.550048828125
02/07/2017;2506.469970703125
03/07/2017;2564.06005859375
04/07/2017;2601.639892578125
05/07/2017;2601.989990234375
06/07/2017;2608.56005859375
07/07/2017;2518.659912109375
08/07/2017;2571.340087890625
09/07/2017;2518.43994140625
10/07/2017;2372.56005859375
11/07/2017;2337.7900390625
12/07/2017;2398.840087890625
13/07/2017;2357.89990234375
14/07/2017;2233.340087890625
15/07/2017;1998.8599853515625
16/07/2017;1929.8199462890625
17/07/2017;2228.409912109375
18/07/2017;2318.8798828125
19/07/2017;2273.429931640625
20/07/2017;2817.60009765625
21/07/2017;2667.760009765625
22/07/2017;2810.1201171875
23/07/2017;2730.39990234375
24/07/2017;2754.860107421875
25/07/2017;2576.47998046875
26/07/2017;2529.449951171875
27/07/2017;2671.780029296875
28/07/2017;2809.010009765625
29/07/2017;2726.449951171875
30/07/2017;2757.179931640625
31/07/2017;2875.340087890625
01/08/2017;2718.260009765625
02/08/2017;2710.669921875
03/08/2017;2804.72998046875
04/08/2017;2895.889892578125
05/08/2017;3252.909912109375
06/08/2017;3213.93994140625
07/08/2017;3378.93994140625
08/08/2017;3419.93994140625
09/08/2017;3342.469970703125
10/08/2017;3381.280029296875
11/08/2017;3650.6201171875
12/08/2017;3884.7099609375
13/08/2017;4073.260009765625
14/08/2017;4325.1298828125
15/08/2017;4181.93017578125
16/08/2017;4376.6298828125
17/08/2017;4331.68994140625
18/08/2017;4160.6201171875
19/08/2017;4193.7001953125
20/08/2017;4087.659912109375
21/08/2017;4001.739990234375
22/08/2017;4100.52001953125
23/08/2017;4151.52001953125
24/08/2017;4334.68017578125
25/08/2017;4371.60009765625
26/08/2017;4352.39990234375
27/08/2017;4382.8798828125
28/08/2017;4382.66015625
29/08/2017;4579.02001953125
30/08/2017;4565.2998046875
31/08/2017;4703.39013671875
01/09/2017;4892.009765625
02/09/2017;4578.77001953125
03/09/2017;4582.9599609375
04/09/2017;4236.31005859375
05/09/2017;4376.52978515625
06/09/2017;4597.1201171875
07/09/2017;4599.8798828125
08/09/2017;4228.75
09/09/2017;4226.06005859375
10/09/2017;4122.93994140625
11/09/2017;4161.27001953125
12/09/2017;4130.81005859375
13/09/2017;3882.590087890625
14/09/2017;3154.949951171875
15/09/2017;3637.52001953125
16/09/2017;3625.0400390625
17/09/2017;3582.8798828125
18/09/2017;4065.199951171875
19/09/2017;3924.969970703125
20/09/2017;3905.949951171875
21/09/2017;3631.0400390625
22/09/2017;3630.699951171875
23/09/2017;3792.39990234375
24/09/2017;3682.840087890625
25/09/2017;3926.070068359375
26/09/2017;3892.35009765625
27/09/2017;4200.669921875
28/09/2017;4174.72998046875
29/09/2017;4163.06982421875
30/09/2017;4338.7099609375
01/10/2017;4403.740234375
02/10/2017;4409.31982421875
03/10/2017;4317.47998046875
04/10/2017;4229.35986328125
05/10/2017;4328.41015625
06/10/2017;4370.81005859375
07/10/2017;4426.89013671875
08/10/2017;4610.47998046875
09/10/2017;4772.02001953125
10/10/2017;4781.990234375
11/10/2017;4826.47998046875
12/10/2017;5446.91015625
13/10/2017;5647.2099609375
14/10/2017;5831.7900390625
15/10/2017;5678.18994140625
16/10/2017;5725.58984375
17/10/2017;5605.509765625
18/10/2017;5590.68994140625
19/10/2017;5708.52001953125
20/10/2017;6011.4501953125
21/10/2017;6031.60009765625
22/10/2017;6008.419921875
23/10/2017;5930.31982421875
24/10/2017;5526.64013671875
25/10/2017;5750.7998046875
26/10/2017;5904.830078125
27/10/2017;5780.89990234375
28/10/2017;5753.08984375
29/10/2017;6153.85009765625
30/10/2017;6130.52978515625
31/10/2017;6468.39990234375
01/11/2017;6767.31005859375
02/11/2017;7078.5
03/11/2017;7207.759765625
04/11/2017;7379.9501953125
05/11/2017;7407.41015625
06/11/2017;7022.759765625
07/11/2017;7144.3798828125
08/11/2017;7459.68994140625
09/11/2017;7143.580078125
10/11/2017;6618.14013671875
11/11/2017;6357.60009765625
12/11/2017;5950.06982421875
13/11/2017;6559.490234375
14/11/2017;6635.75
15/11/2017;7315.5400390625
16/11/2017;7871.68994140625
17/11/2017;7708.990234375
18/11/2017;7790.14990234375
19/11/2017;8036.490234375
20/11/2017;8200.6396484375
21/11/2017;8071.259765625
22/11/2017;8253.5498046875
23/11/2017;8038.77001953125
24/11/2017;8253.6904296875
25/11/2017;8790.919921875
26/11/2017;9330.5498046875
27/11/2017;9818.349609375
28/11/2017;10058.7998046875
29/11/2017;9888.6103515625
30/11/2017;10233.599609375
01/12/2017;10975.599609375
02/12/2017;11074.599609375
03/12/2017;11323.2001953125
04/12/2017;11657.2001953125
05/12/2017;11916.7001953125
06/12/2017;14291.5
07/12/2017;17899.69921875
08/12/2017;16569.400390625
09/12/2017;15178.2001953125
10/12/2017;15455.400390625
11/12/2017;16936.80078125
12/12/2017;17415.400390625
13/12/2017;16408.19921875
14/12/2017;16564.0
15/12/2017;17706.900390625
16/12/2017;19497.400390625
17/12/2017;19140.80078125
18/12/2017;19114.19921875
19/12/2017;17776.69921875
20/12/2017;16624.599609375
21/12/2017;15802.900390625
22/12/2017;13831.7998046875
23/12/2017;14699.2001953125
24/12/2017;13925.7998046875
25/12/2017;14026.599609375
26/12/2017;16099.7998046875
27/12/2017;15838.5
28/12/2017;14606.5
29/12/2017;14656.2001953125
30/12/2017;12952.2001953125
31/12/2017;14156.400390625
01/01/2018;13657.2001953125
02/01/2018;14982.099609375
03/01/2018;15201.0
04/01/2018;15599.2001953125
05/01/2018;17429.5
06/01/2018;17527.0
07/01/2018;16477.599609375
08/01/2018;15170.099609375
09/01/2018;14595.400390625
10/01/2018;14973.2998046875
11/01/2018;13405.7998046875
12/01/2018;13980.599609375
13/01/2018;14360.2001953125
14/01/2018;13772.0
15/01/2018;13819.7998046875
16/01/2018;11490.5
17/01/2018;11188.599609375
18/01/2018;11474.900390625
19/01/2018;11607.400390625
20/01/2018;12899.2001953125
21/01/2018;11600.099609375
22/01/2018;10931.400390625
23/01/2018;10868.400390625
24/01/2018;11359.400390625
25/01/2018;11259.400390625
26/01/2018;11171.400390625
27/01/2018;11440.7001953125
28/01/2018;11786.2998046875
29/01/2018;11296.400390625
30/01/2018;10106.2998046875
31/01/2018;10221.099609375
01/02/2018;9170.5400390625
02/02/2018;8830.75
03/02/2018;9174.91015625
04/02/2018;8277.009765625
05/02/2018;6955.27001953125
06/02/2018;7754.0
07/02/2018;7621.2998046875
08/02/2018;8265.58984375
09/02/2018;8736.98046875
10/02/2018;8621.900390625
11/02/2018;8129.97021484375
12/02/2018;8926.5703125
13/02/2018;8598.3095703125
14/02/2018;9494.6298828125
15/02/2018;10166.400390625
16/02/2018;10233.900390625
17/02/2018;11112.7001953125
18/02/2018;10551.7998046875
19/02/2018;11225.2998046875
20/02/2018;11403.7001953125
21/02/2018;10690.400390625
22/02/2018;10005.0
23/02/2018;10301.099609375
24/02/2018;9813.0703125
25/02/2018;9664.73046875
26/02/2018;10366.7001953125
27/02/2018;10725.599609375
28/02/2018;10397.900390625
01/03/2018;10951.0
02/03/2018;11086.400390625
03/03/2018;11489.7001953125
04/03/2018;11512.599609375
05/03/2018;11573.2998046875
06/03/2018;10779.900390625
07/03/2018;9965.5703125
08/03/2018;9395.009765625
09/03/2018;9337.5498046875
10/03/2018;8866.0
11/03/2018;9578.6298828125
12/03/2018;9205.1201171875
13/03/2018;9194.849609375
14/03/2018;8269.8095703125
15/03/2018;8300.8603515625
16/03/2018;8338.349609375
17/03/2018;7916.8798828125
18/03/2018;8223.6796875
19/03/2018;8630.650390625
20/03/2018;8913.4697265625
21/03/2018;8929.2802734375
22/03/2018;8728.4697265625
23/03/2018;8879.6201171875
24/03/2018;8668.1201171875
25/03/2018;8495.7802734375
26/03/2018;8209.400390625
27/03/2018;7833.0400390625
28/03/2018;7954.47998046875
29/03/2018;7165.7001953125
30/03/2018;6890.52001953125
31/03/2018;6973.52978515625
01/04/2018;6844.22998046875
02/04/2018;7083.7998046875
03/04/2018;7456.10986328125
04/04/2018;6853.83984375
05/04/2018;6811.47021484375
06/04/2018;6636.31982421875
07/04/2018;6911.08984375
08/04/2018;7023.52001953125
09/04/2018;6770.72998046875
10/04/2018;6834.759765625
11/04/2018;6968.31982421875
12/04/2018;7889.25
13/04/2018;7895.9599609375
14/04/2018;7986.240234375
15/04/2018;8329.1103515625
16/04/2018;8058.669921875
17/04/2018;7902.08984375
18/04/2018;8163.419921875
19/04/2018;8294.3095703125
20/04/2018;8845.830078125
21/04/2018;8895.580078125
22/04/2018;8802.4599609375
23/04/2018;8930.8798828125
24/04/2018;9697.5
25/04/2018;8845.740234375
26/04/2018;9281.509765625
27/04/2018;8987.0498046875
28/04/2018;9348.48046875
29/04/2018;9419.080078125
30/04/2018;9240.5498046875
01/05/2018;9119.009765625
02/05/2018;9235.919921875
03/05/2018;9743.8603515625
04/05/2018;9700.759765625
05/05/2018;9858.150390625
06/05/2018;9654.7998046875
07/05/2018;9373.009765625
08/05/2018;9234.8203125
09/05/2018;9325.1796875
10/05/2018;9043.9404296875
11/05/2018;8441.490234375
12/05/2018;8504.8896484375
13/05/2018;8723.9404296875
14/05/2018;8716.7900390625
15/05/2018;8510.3798828125
16/05/2018;8368.830078125
17/05/2018;8094.31982421875
18/05/2018;8250.9697265625
19/05/2018;8247.1796875
20/05/2018;8513.25
21/05/2018;8418.990234375
22/05/2018;8041.77978515625
23/05/2018;7557.81982421875
24/05/2018;7587.33984375
25/05/2018;7480.14013671875
26/05/2018;7355.8798828125
27/05/2018;7368.22021484375
28/05/2018;7135.990234375
29/05/2018;7472.58984375
30/05/2018;7406.52001953125
31/05/2018;7494.169921875
01/06/2018;7541.4501953125
02/06/2018;7643.4501953125
03/06/2018;7720.25
04/06/2018;7514.47021484375
05/06/2018;7633.759765625
06/06/2018;7653.97998046875
07/06/2018;7678.240234375
08/06/2018;7624.919921875
09/06/2018;7531.97998046875
10/06/2018;6786.02001953125
11/06/2018;6906.919921875
12/06/2018;6582.35986328125
13/06/2018;6349.89990234375
14/06/2018;6675.35009765625
15/06/2018;6456.580078125
16/06/2018;6550.16015625
17/06/2018;6499.27001953125
18/06/2018;6734.81982421875
19/06/2018;6769.93994140625
20/06/2018;6776.5498046875
21/06/2018;6729.740234375
22/06/2018;6083.68994140625
23/06/2018;6162.47998046875
24/06/2018;6173.22998046875
25/06/2018;6249.18017578125
26/06/2018;6093.669921875
27/06/2018;6157.1298828125
28/06/2018;5903.43994140625
29/06/2018;6218.2998046875
30/06/2018;6404.0
01/07/2018;6385.81982421875
02/07/2018;6614.18017578125
03/07/2018;6529.58984375
04/07/2018;6597.5498046875
05/07/2018;6639.14013671875
06/07/2018;6673.5
07/07/2018;6856.93017578125
08/07/2018;6773.8798828125
09/07/2018;6741.75
10/07/2018;6329.9501953125
11/07/2018;6394.7099609375
12/07/2018;6228.81005859375
13/07/2018;6238.0498046875
14/07/2018;6276.1201171875
15/07/2018;6359.64013671875
16/07/2018;6741.75
17/07/2018;7321.0400390625
18/07/2018;7370.77978515625
19/07/2018;7466.85986328125
20/07/2018;7354.1298828125
21/07/2018;7419.2900390625
22/07/2018;7418.490234375
23/07/2018;7711.10986328125
24/07/2018;8424.26953125
25/07/2018;8181.39013671875
26/07/2018;7951.580078125
27/07/2018;8165.009765625
28/07/2018;8192.150390625
29/07/2018;8218.4599609375
30/07/2018;8180.47998046875
31/07/2018;7780.43994140625
01/08/2018;7624.91015625
02/08/2018;7567.14990234375
03/08/2018;7434.39013671875
04/08/2018;7032.85009765625
05/08/2018;7068.47998046875
06/08/2018;6951.7998046875
07/08/2018;6753.1201171875
08/08/2018;6305.7998046875
09/08/2018;6568.22998046875
10/08/2018;6184.7099609375
11/08/2018;6295.72998046875
12/08/2018;6322.68994140625
13/08/2018;6297.56982421875
14/08/2018;6199.7099609375
15/08/2018;6308.52001953125
16/08/2018;6334.72998046875
17/08/2018;6580.6298828125
18/08/2018;6423.759765625
19/08/2018;6506.06982421875
20/08/2018;6308.52978515625
21/08/2018;6488.759765625
22/08/2018;6376.7099609375
23/08/2018;6534.8798828125
24/08/2018;6719.9599609375
25/08/2018;6763.18994140625
26/08/2018;6707.259765625
27/08/2018;6884.64013671875
28/08/2018;7096.27978515625
29/08/2018;7047.16015625
30/08/2018;6978.22998046875
31/08/2018;7037.580078125
01/09/2018;7193.25
02/09/2018;7272.72021484375
03/09/2018;7260.06005859375
04/09/2018;7361.66015625
05/09/2018;6792.830078125
06/09/2018;6529.169921875
07/09/2018;6467.06982421875
08/09/2018;6225.97998046875
09/09/2018;6300.85986328125
10/09/2018;6329.7001953125
11/09/2018;6321.2001953125
12/09/2018;6351.7998046875
13/09/2018;6517.31005859375
14/09/2018;6512.7099609375
15/09/2018;6543.2001953125
16/09/2018;6517.18017578125
17/09/2018;6281.2001953125
18/09/2018;6371.2998046875
19/09/2018;6398.5400390625
20/09/2018;6519.669921875
21/09/2018;6734.9501953125
22/09/2018;6721.97998046875
23/09/2018;6710.6298828125
24/09/2018;6595.41015625
25/09/2018;6446.47021484375
26/09/2018;6495.0
27/09/2018;6676.75
28/09/2018;6644.1298828125
29/09/2018;6601.9599609375
30/09/2018;6625.56005859375
01/10/2018;6589.6201171875
02/10/2018;6556.10009765625
03/10/2018;6502.58984375
04/10/2018;6576.68994140625
05/10/2018;6622.47998046875
06/10/2018;6588.31005859375
07/10/2018;6602.9501953125
08/10/2018;6652.22998046875
09/10/2018;6642.64013671875
10/10/2018;6585.52978515625
11/10/2018;6256.240234375
12/10/2018;6274.580078125
13/10/2018;6285.990234375
14/10/2018;6290.93017578125
15/10/2018;6596.5400390625
16/10/2018;6596.10986328125
17/10/2018;6544.43017578125
18/10/2018;6476.7099609375
19/10/2018;6465.41015625
20/10/2018;6489.18994140625
21/10/2018;6482.35009765625
22/10/2018;6487.16015625
23/10/2018;6475.740234375
24/10/2018;6495.83984375
25/10/2018;6476.2900390625
26/10/2018;6474.75
27/10/2018;6480.3798828125
28/10/2018;6486.39013671875
29/10/2018;6332.6298828125
30/10/2018;6334.27001953125
31/10/2018;6317.60986328125
01/11/2018;6377.77978515625
02/11/2018;6388.43994140625
03/11/2018;6361.259765625
04/11/2018;6376.1298828125
05/11/2018;6419.66015625
06/11/2018;6461.009765625
07/11/2018;6530.14013671875
08/11/2018;6453.72021484375
09/11/2018;6385.6201171875
10/11/2018;6409.22021484375
11/11/2018;6411.27001953125
12/11/2018;6371.27001953125
13/11/2018;6359.490234375
14/11/2018;5738.35009765625
15/11/2018;5648.02978515625
16/11/2018;5575.5498046875
17/11/2018;5554.330078125
18/11/2018;5623.5400390625
19/11/2018;4871.490234375
20/11/2018;4451.8701171875
21/11/2018;4602.169921875
22/11/2018;4365.93994140625
23/11/2018;4347.10986328125
24/11/2018;3880.760009765625
25/11/2018;4009.969970703125
26/11/2018;3779.1298828125
27/11/2018;3820.719970703125
28/11/2018;4257.419921875
29/11/2018;4278.8466796875
30/11/2018;4017.2685546875
01/12/2018;4214.671875
02/12/2018;4139.8779296875
03/12/2018;3894.130859375
04/12/2018;3956.893798828125
05/12/2018;3753.994873046875
06/12/2018;3521.101806640625
07/12/2018;3419.937255859375
08/12/2018;3476.11474609375
09/12/2018;3614.234375
10/12/2018;3502.656005859375
11/12/2018;3424.588134765625
12/12/2018;3486.9501953125
13/12/2018;3313.67724609375
14/12/2018;3242.48486328125
15/12/2018;3236.76171875
16/12/2018;3252.839111328125
17/12/2018;3545.86474609375
18/12/2018;3696.05908203125
19/12/2018;3745.95068359375
20/12/2018;4134.44140625
21/12/2018;3896.543701171875
22/12/2018;4014.1826171875
23/12/2018;3998.980224609375
24/12/2018;4078.59912109375
25/12/2018;3815.49072265625
26/12/2018;3857.297607421875
27/12/2018;3654.83349609375
28/12/2018;3923.918701171875
29/12/2018;3820.40869140625
30/12/2018;3865.95263671875
31/12/2018;3742.700439453125
01/01/2019;3843.52001953125
02/01/2019;3943.409423828125
03/01/2019;3836.7412109375
04/01/2019;3857.717529296875
05/01/2019;3845.194580078125
06/01/2019;4076.632568359375
07/01/2019;4025.248291015625
08/01/2019;4030.847900390625
09/01/2019;4035.29638671875
10/01/2019;3678.924560546875
11/01/2019;3687.365478515625
12/01/2019;3661.301025390625
13/01/2019;3552.953125
14/01/2019;3706.05224609375
15/01/2019;3630.67529296875
16/01/2019;3655.0068359375
17/01/2019;3678.56396484375
18/01/2019;3657.83935546875
19/01/2019;3728.568359375
20/01/2019;3601.013671875
21/01/2019;3576.032470703125
22/01/2019;3604.5771484375
23/01/2019;3585.123046875
24/01/2019;3600.865478515625
25/01/2019;3599.765869140625
26/01/2019;3602.46044921875
27/01/2019;3583.9658203125
28/01/2019;3470.450439453125
29/01/2019;3448.116943359375
30/01/2019;3486.181640625
31/01/2019;3457.792724609375
01/02/2019;3487.9453125
02/02/2019;3521.060791015625
03/02/2019;3464.013427734375
04/02/2019;3459.154052734375
05/02/2019;3466.357421875
06/02/2019;3413.767822265625
07/02/2019;3399.4716796875
08/02/2019;3666.7802734375
09/02/2019;3671.20361328125
10/02/2019;3690.188232421875
11/02/2019;3648.4306640625
12/02/2019;3653.528564453125
13/02/2019;3632.070556640625
14/02/2019;3616.880859375
15/02/2019;3620.810791015625
16/02/2019;3629.78759765625
17/02/2019;3673.836181640625
18/02/2019;3915.71435546875
19/02/2019;3947.094482421875
20/02/2019;3999.820556640625
21/02/2019;3954.1181640625
22/02/2019;4005.526611328125
23/02/2019;4142.52685546875
24/02/2019;3810.427490234375
25/02/2019;3882.6962890625
26/02/2019;3854.35791015625
27/02/2019;3851.04736328125
28/02/2019;3854.785400390625
01/03/2019;3859.583740234375
02/03/2019;3864.4150390625
03/03/2019;3847.17578125
04/03/2019;3761.55712890625
05/03/2019;3896.375
06/03/2019;3903.942626953125
07/03/2019;3911.484375
08/03/2019;3901.131591796875
09/03/2019;3963.313720703125
10/03/2019;3951.599853515625
11/03/2019;3905.227294921875
12/03/2019;3909.15625
13/03/2019;3906.71728515625
14/03/2019;3924.369140625
15/03/2019;3960.9111328125
16/03/2019;4048.725830078125
17/03/2019;4025.22900390625
18/03/2019;4032.50732421875
19/03/2019;4071.190185546875
20/03/2019;4087.476318359375
21/03/2019;4029.326904296875
22/03/2019;4023.96826171875
23/03/2019;4035.826416015625
24/03/2019;4022.168212890625
25/03/2019;3963.070556640625
26/03/2019;3985.080810546875
27/03/2019;4087.066162109375
28/03/2019;4069.107177734375
29/03/2019;4098.37451171875
30/03/2019;4106.66015625
31/03/2019;4105.404296875
01/04/2019;4158.18310546875
02/04/2019;4879.8779296875
03/04/2019;4973.02197265625
04/04/2019;4922.798828125
05/04/2019;5036.68115234375
06/04/2019;5059.8173828125
07/04/2019;5198.89697265625
08/04/2019;5289.77099609375
09/04/2019;5204.95849609375
10/04/2019;5324.5517578125
11/04/2019;5064.48779296875
12/04/2019;5089.5390625
13/04/2019;5096.58642578125
14/04/2019;5167.72216796875
15/04/2019;5067.1083984375
16/04/2019;5235.5595703125
17/04/2019;5251.93798828125
18/04/2019;5298.3857421875
19/04/2019;5303.8125
20/04/2019;5337.88623046875
21/04/2019;5314.53125
22/04/2019;5399.365234375
23/04/2019;5572.3623046875
24/04/2019;5464.86669921875
25/04/2019;5210.515625
26/04/2019;5279.34814453125
27/04/2019;5268.291015625
28/04/2019;5285.13916015625
29/04/2019;5247.3525390625
30/04/2019;5350.7265625
01/05/2019;5402.697265625
02/05/2019;5505.28369140625
03/05/2019;5768.28955078125
04/05/2019;5831.16748046875
05/05/2019;5795.70849609375
06/05/2019;5746.80712890625
07/05/2019;5829.50146484375
08/05/2019;5982.45751953125
09/05/2019;6174.52880859375
10/05/2019;6378.84912109375
11/05/2019;7204.771484375
12/05/2019;6972.37158203125
13/05/2019;7814.9150390625
14/05/2019;7994.416015625
15/05/2019;8205.16796875
16/05/2019;7884.9091796875
17/05/2019;7343.8955078125
18/05/2019;7271.2080078125
19/05/2019;8197.689453125
20/05/2019;7978.30908203125
21/05/2019;7963.32763671875
22/05/2019;7680.06640625
23/05/2019;7881.8466796875
24/05/2019;7987.37158203125
25/05/2019;8052.5439453125
26/05/2019;8673.2158203125
27/05/2019;8805.7783203125
28/05/2019;8719.9619140625
29/05/2019;8659.4873046875
30/05/2019;8319.47265625
31/05/2019;8574.501953125
01/06/2019;8564.0166015625
02/06/2019;8742.9580078125
03/06/2019;8208.9951171875
04/06/2019;7707.77099609375
05/06/2019;7824.2314453125
06/06/2019;7822.0234375
07/06/2019;8043.951171875
08/06/2019;7954.1279296875
09/06/2019;7688.0771484375
10/06/2019;8000.32958984375
11/06/2019;7927.71435546875
12/06/2019;8145.857421875
13/06/2019;8230.923828125
14/06/2019;8693.8330078125
15/06/2019;8838.375
16/06/2019;8994.48828125
17/06/2019;9320.3525390625
18/06/2019;9081.7626953125
19/06/2019;9273.521484375
20/06/2019;9527.16015625
21/06/2019;10144.556640625
22/06/2019;10701.69140625
23/06/2019;10855.37109375
24/06/2019;11011.1025390625
25/06/2019;11790.9169921875
26/06/2019;13016.2314453125
27/06/2019;11182.806640625
28/06/2019;12407.33203125
29/06/2019;11959.37109375
30/06/2019;10817.1552734375
01/07/2019;10583.134765625
02/07/2019;10801.677734375
03/07/2019;11961.26953125
04/07/2019;11215.4375
05/07/2019;10978.4599609375
06/07/2019;11208.55078125
07/07/2019;11450.8466796875
08/07/2019;12285.9580078125
09/07/2019;12573.8125
10/07/2019;12156.5126953125
11/07/2019;11358.662109375
12/07/2019;11815.986328125
13/07/2019;11392.37890625
14/07/2019;10256.05859375
15/07/2019;10895.08984375
16/07/2019;9477.6416015625
17/07/2019;9693.802734375
18/07/2019;10666.482421875
19/07/2019;10530.732421875
20/07/2019;10767.1396484375
21/07/2019;10599.10546875
22/07/2019;10343.1064453125
23/07/2019;9900.767578125
24/07/2019;9811.92578125
25/07/2019;9911.841796875
26/07/2019;9870.3037109375
27/07/2019;9477.677734375
28/07/2019;9552.8603515625
29/07/2019;9519.1455078125
30/07/2019;9607.423828125
31/07/2019;10085.6279296875
01/08/2019;10399.6689453125
02/08/2019;10518.1748046875
03/08/2019;10821.7265625
04/08/2019;10970.1845703125
05/08/2019;11805.6533203125
06/08/2019;11478.1689453125
07/08/2019;11941.96875
08/08/2019;11966.4072265625
09/08/2019;11862.9365234375
10/08/2019;11354.0244140625
11/08/2019;11523.5791015625
12/08/2019;11382.6162109375
13/08/2019;10895.830078125
14/08/2019;10051.7041015625
15/08/2019;10311.5458984375
16/08/2019;10374.3388671875
17/08/2019;10231.744140625
18/08/2019;10345.810546875
19/08/2019;10916.0537109375
20/08/2019;10763.232421875
21/08/2019;10138.0498046875
22/08/2019;10131.0556640625
23/08/2019;10407.96484375
24/08/2019;10159.9609375
25/08/2019;10138.517578125
26/08/2019;10370.8203125
27/08/2019;10185.5
28/08/2019;9754.4228515625
29/08/2019;9510.2001953125
30/08/2019;9598.173828125
31/08/2019;9630.6640625
01/09/2019;9757.970703125
02/09/2019;10346.7607421875
03/09/2019;10623.5400390625
04/09/2019;10594.4931640625
05/09/2019;10575.533203125
06/09/2019;10353.302734375
07/09/2019;10517.2548828125
08/09/2019;10441.2763671875
09/09/2019;10334.974609375
10/09/2019;10115.9755859375
11/09/2019;10178.3720703125
12/09/2019;10410.126953125
13/09/2019;10360.546875
14/09/2019;10358.048828125
15/09/2019;10347.712890625
16/09/2019;10276.7939453125
17/09/2019;10241.2724609375
18/09/2019;10198.248046875
19/09/2019;10266.4150390625
20/09/2019;10181.6416015625
21/09/2019;10019.716796875
22/09/2019;10070.392578125
23/09/2019;9729.32421875
24/09/2019;8620.56640625
25/09/2019;8486.9931640625
26/09/2019;8118.9677734375
27/09/2019;8251.845703125
28/09/2019;8245.9150390625
29/09/2019;8104.185546875
30/09/2019;8293.8681640625
01/10/2019;8343.2763671875
02/10/2019;8393.0419921875
03/10/2019;8259.9921875
04/10/2019;8205.939453125
05/10/2019;8151.50048828125
06/10/2019;7988.15576171875
07/10/2019;8245.623046875
08/10/2019;8228.783203125
09/10/2019;8595.740234375
10/10/2019;8586.4736328125
11/10/2019;8321.7568359375
12/10/2019;8336.5556640625
13/10/2019;8321.005859375
14/10/2019;8374.6865234375
15/10/2019;8205.369140625
16/10/2019;8047.52685546875
17/10/2019;8103.9111328125
18/10/2019;7973.20751953125
19/10/2019;7988.560546875
20/10/2019;8222.078125
21/10/2019;8243.720703125
22/10/2019;8078.203125
23/10/2019;7514.671875
24/10/2019;7493.48876953125
25/10/2019;8660.7001953125
26/10/2019;9244.97265625
27/10/2019;9551.71484375
28/10/2019;9256.1484375
29/10/2019;9427.6875
30/10/2019;9205.7265625
31/10/2019;9199.5849609375
01/11/2019;9261.1044921875
02/11/2019;9324.7177734375
03/11/2019;9235.3544921875
04/11/2019;9412.6123046875
05/11/2019;9342.52734375
06/11/2019;9360.8798828125
07/11/2019;9267.5615234375
08/11/2019;8804.880859375
09/11/2019;8813.58203125
10/11/2019;9055.5263671875
11/11/2019;8757.7880859375
12/11/2019;8815.662109375
13/11/2019;8808.2626953125
14/11/2019;8708.0947265625
15/11/2019;8491.9921875
16/11/2019;8550.7607421875
17/11/2019;8577.9755859375
18/11/2019;8309.2861328125
19/11/2019;8206.1455078125
20/11/2019;8027.26806640625
21/11/2019;7642.75
22/11/2019;7296.57763671875
23/11/2019;7397.796875
24/11/2019;7047.9169921875
25/11/2019;7146.1337890625
26/11/2019;7218.37109375
27/11/2019;7531.66357421875
28/11/2019;7463.10595703125
29/11/2019;7761.24365234375
30/11/2019;7569.6298828125
01/12/2019;7424.29248046875
02/12/2019;7321.98828125
03/12/2019;7320.1455078125
04/12/2019;7252.03466796875
05/12/2019;7448.3076171875
06/12/2019;7546.99658203125
07/12/2019;7556.23779296875
08/12/2019;7564.34521484375
09/12/2019;7400.8994140625
10/12/2019;7278.11962890625
11/12/2019;7217.42724609375
12/12/2019;7243.13427734375
13/12/2019;7269.6845703125
14/12/2019;7124.673828125
15/12/2019;7152.3017578125
16/12/2019;6932.48046875
17/12/2019;6640.51513671875
18/12/2019;7276.802734375
19/12/2019;7202.84423828125
20/12/2019;7218.81640625
21/12/2019;7191.15869140625
22/12/2019;7511.5888671875
23/12/2019;7355.62841796875
24/12/2019;7322.5322265625
25/12/2019;7275.15576171875
26/12/2019;7238.966796875
27/12/2019;7290.08837890625
28/12/2019;7317.990234375
29/12/2019;7422.65283203125
30/12/2019;7292.9951171875
31/12/2019;7193.59912109375
01/01/2020;7200.17431640625
02/01/2020;6985.47021484375
03/01/2020;7344.88427734375
04/01/2020;7410.65673828125
05/01/2020;7411.3173828125
06/01/2020;7769.21923828125
07/01/2020;8163.6923828125
08/01/2020;8079.86279296875
09/01/2020;7879.0712890625
10/01/2020;8166.55419921875
11/01/2020;8037.53759765625
12/01/2020;8192.494140625
13/01/2020;8144.1943359375
14/01/2020;8827.7646484375
15/01/2020;8807.0107421875
16/01/2020;8723.7861328125
17/01/2020;8929.0380859375
18/01/2020;8942.80859375
19/01/2020;8706.2451171875
20/01/2020;8657.642578125
21/01/2020;8745.89453125
22/01/2020;8680.8759765625
23/01/2020;8406.515625
24/01/2020;8445.4345703125
25/01/2020;8367.84765625
26/01/2020;8596.830078125
27/01/2020;8909.8193359375
28/01/2020;9358.58984375
29/01/2020;9316.6298828125
30/01/2020;9508.9931640625
31/01/2020;9350.529296875
01/02/2020;9392.875
02/02/2020;9344.365234375
03/02/2020;9293.521484375
04/02/2020;9180.962890625
05/02/2020;9613.423828125
06/02/2020;9729.8017578125
07/02/2020;9795.943359375
08/02/2020;9865.119140625
09/02/2020;10116.673828125
10/02/2020;9856.611328125
11/02/2020;10208.236328125
12/02/2020;10326.0546875
13/02/2020;10214.3798828125
14/02/2020;10312.1162109375
15/02/2020;9889.4248046875
16/02/2020;9934.43359375
17/02/2020;9690.142578125
18/02/2020;10141.99609375
19/02/2020;9633.38671875
20/02/2020;9608.4755859375
21/02/2020;9686.44140625
22/02/2020;9663.181640625
23/02/2020;9924.515625
24/02/2020;9650.1748046875
25/02/2020;9341.705078125
26/02/2020;8820.5224609375
27/02/2020;8784.494140625
28/02/2020;8672.455078125
29/02/2020;8599.5087890625
01/03/2020;8562.4541015625
02/03/2020;8869.669921875
03/03/2020;8787.7861328125
04/03/2020;8755.24609375
05/03/2020;9078.7626953125
06/03/2020;9122.5458984375
07/03/2020;8909.9541015625
08/03/2020;8108.1162109375
09/03/2020;7923.64453125
10/03/2020;7909.7294921875
11/03/2020;7911.43017578125
12/03/2020;4970.7880859375
13/03/2020;5563.70703125
14/03/2020;5200.3662109375
15/03/2020;5392.31494140625
16/03/2020;5014.47998046875
17/03/2020;5225.62939453125
18/03/2020;5238.4384765625
19/03/2020;6191.19287109375
20/03/2020;6198.7783203125
21/03/2020;6185.06640625
22/03/2020;5830.2548828125
23/03/2020;6416.31494140625
24/03/2020;6734.8037109375
25/03/2020;6681.06298828125
26/03/2020;6716.4404296875
27/03/2020;6469.79833984375
28/03/2020;6242.19384765625
29/03/2020;5922.04296875
30/03/2020;6429.841796875
31/03/2020;6438.64453125
01/04/2020;6606.7763671875
02/04/2020;6793.62451171875
03/04/2020;6733.38720703125
04/04/2020;6867.52734375
05/04/2020;6791.12939453125
06/04/2020;7271.78125
07/04/2020;7176.41455078125
08/04/2020;7334.0986328125
09/04/2020;7302.08935546875
10/04/2020;6865.4931640625
11/04/2020;6859.0830078125
12/04/2020;6971.091796875
13/04/2020;6845.03759765625
14/04/2020;6842.427734375
15/04/2020;6642.10986328125
16/04/2020;7116.80419921875
17/04/2020;7096.1845703125
18/04/2020;7257.6650390625
19/04/2020;7189.4248046875
20/04/2020;6881.95849609375
21/04/2020;6880.3232421875
22/04/2020;7117.20751953125
23/04/2020;7429.724609375
24/04/2020;7550.90087890625
25/04/2020;7569.93603515625
26/04/2020;7679.8671875
27/04/2020;7795.60107421875
28/04/2020;7807.05859375
29/04/2020;8801.0380859375
30/04/2020;8658.5537109375
01/05/2020;8864.7666015625
02/05/2020;8988.5966796875
03/05/2020;8897.46875
04/05/2020;8912.654296875
05/05/2020;9003.0703125
06/05/2020;9268.76171875
07/05/2020;9951.5185546875
08/05/2020;9842.666015625
09/05/2020;9593.896484375
10/05/2020;8756.4306640625
11/05/2020;8601.7958984375
12/05/2020;8804.4775390625
13/05/2020;9269.9873046875
14/05/2020;9733.7216796875
15/05/2020;9328.197265625
16/05/2020;9377.013671875
17/05/2020;9670.7392578125
18/05/2020;9726.5751953125
19/05/2020;9729.0380859375
20/05/2020;9522.9814453125
21/05/2020;9081.76171875
22/05/2020;9182.5771484375
23/05/2020;9209.287109375
24/05/2020;8790.3681640625
25/05/2020;8906.9345703125
26/05/2020;8835.052734375
27/05/2020;9181.017578125
28/05/2020;9525.7509765625
29/05/2020;9439.1240234375
30/05/2020;9700.4140625
31/05/2020;9461.05859375
01/06/2020;10167.2685546875
02/06/2020;9529.8037109375
03/06/2020;9656.7177734375
04/06/2020;9800.63671875
05/06/2020;9665.533203125
06/06/2020;9653.6796875
07/06/2020;9758.8525390625
08/06/2020;9771.4892578125
09/06/2020;9795.7001953125
10/06/2020;9870.0947265625
11/06/2020;9321.78125
12/06/2020;9480.84375
13/06/2020;9475.27734375
14/06/2020;9386.7880859375
15/06/2020;9450.7021484375
16/06/2020;9538.0244140625
17/06/2020;9480.2548828125
18/06/2020;9411.8408203125
19/06/2020;9288.0185546875
20/06/2020;9332.3408203125
21/06/2020;9303.6298828125
22/06/2020;9648.7177734375
23/06/2020;9629.658203125
24/06/2020;9313.6103515625
25/06/2020;9264.8134765625
26/06/2020;9162.91796875
27/06/2020;9045.390625
28/06/2020;9143.58203125
29/06/2020;9190.8544921875
30/06/2020;9137.9931640625
01/07/2020;9228.3251953125
02/07/2020;9123.41015625
03/07/2020;9087.3037109375
04/07/2020;9132.48828125
05/07/2020;9073.9423828125
06/07/2020;9375.474609375
07/07/2020;9252.27734375
08/07/2020;9428.3330078125
09/07/2020;9277.9677734375
10/07/2020;9278.8076171875
11/07/2020;9240.3466796875
12/07/2020;9276.5
13/07/2020;9243.6142578125
14/07/2020;9243.2138671875
15/07/2020;9192.8369140625
16/07/2020;9132.2275390625
17/07/2020;9151.392578125
18/07/2020;9159.0400390625
19/07/2020;9185.8173828125
20/07/2020;9164.2314453125
21/07/2020;9374.8876953125
22/07/2020;9525.36328125
23/07/2020;9581.072265625
24/07/2020;9536.892578125
25/07/2020;9677.11328125
26/07/2020;9905.1669921875
27/07/2020;10990.873046875
28/07/2020;10912.8232421875
29/07/2020;11100.4677734375
30/07/2020;11111.2138671875
31/07/2020;11323.466796875
01/08/2020;11759.5927734375
02/08/2020;11053.6142578125
03/08/2020;11246.3486328125
04/08/2020;11205.892578125
05/08/2020;11747.0224609375
06/08/2020;11779.7734375
07/08/2020;11601.47265625
08/08/2020;11754.0458984375
09/08/2020;11675.7392578125
10/08/2020;11878.111328125
11/08/2020;11410.525390625
12/08/2020;11584.9345703125
13/08/2020;11784.1376953125
14/08/2020;11768.87109375
15/08/2020;11865.6982421875
16/08/2020;11892.8037109375
17/08/2020;12254.40234375
18/08/2020;11991.2333984375
19/08/2020;11758.283203125
20/08/2020;11878.3720703125
21/08/2020;11592.4892578125
22/08/2020;11681.8251953125
23/08/2020;11664.84765625
24/08/2020;11774.595703125
25/08/2020;11366.134765625
26/08/2020;11488.36328125
27/08/2020;11323.3974609375
28/08/2020;11542.5
29/08/2020;11506.865234375
30/08/2020;11711.505859375
31/08/2020;11680.8203125
01/09/2020;11970.478515625
02/09/2020;11414.0341796875
03/09/2020;10245.296875
04/09/2020;10511.8134765625
05/09/2020;10169.5673828125
06/09/2020;10280.3515625
07/09/2020;10369.5634765625
08/09/2020;10131.5166015625
09/09/2020;10242.34765625
10/09/2020;10363.138671875
11/09/2020;10400.9150390625
12/09/2020;10442.1708984375
13/09/2020;10323.755859375
14/09/2020;10680.837890625
15/09/2020;10796.951171875
16/09/2020;10974.9052734375
17/09/2020;10948.990234375
18/09/2020;10944.5859375
19/09/2020;11094.3466796875
20/09/2020;10938.271484375
21/09/2020;10462.259765625
22/09/2020;10538.4599609375
23/09/2020;10246.1865234375
24/09/2020;10760.06640625
25/09/2020;10692.716796875
26/09/2020;10750.7236328125
27/09/2020;10775.26953125
28/09/2020;10709.65234375
29/09/2020;10844.640625
30/09/2020;10784.4912109375
01/10/2020;10619.4521484375
02/10/2020;10575.974609375
03/10/2020;10549.3291015625
04/10/2020;10669.5830078125
05/10/2020;10793.33984375
06/10/2020;10604.40625
07/10/2020;10668.96875
08/10/2020;10915.685546875
09/10/2020;11064.4580078125
10/10/2020;11296.361328125
11/10/2020;11384.181640625
12/10/2020;11555.36328125
13/10/2020;11425.8994140625
14/10/2020;11429.5068359375
15/10/2020;11495.349609375
16/10/2020;11322.123046875
17/10/2020;11358.1015625
18/10/2020;11483.359375
19/10/2020;11742.037109375
20/10/2020;11916.3349609375
21/10/2020;12823.689453125
22/10/2020;12965.8916015625
23/10/2020;12931.5390625
24/10/2020;13108.0625
25/10/2020;13031.173828125
26/10/2020;13075.248046875
27/10/2020;13654.21875
28/10/2020;13271.28515625
29/10/2020;13437.8828125
30/10/2020;13546.5224609375
31/10/2020;13780.9951171875
01/11/2020;13737.109375
02/11/2020;13550.4892578125
03/11/2020;13950.30078125
04/11/2020;14133.70703125
05/11/2020;15579.8486328125
06/11/2020;15565.880859375
07/11/2020;14833.75390625
08/11/2020;15479.5673828125
09/11/2020;15332.3154296875
10/11/2020;15290.90234375
11/11/2020;15701.33984375
12/11/2020;16276.34375
13/11/2020;16317.80859375
14/11/2020;16068.138671875
15/11/2020;15955.587890625
16/11/2020;16716.111328125
17/11/2020;17645.40625
18/11/2020;17804.005859375
19/11/2020;17817.08984375
20/11/2020;18621.314453125
21/11/2020;18642.232421875
22/11/2020;18370.001953125
23/11/2020;18364.12109375
24/11/2020;19107.46484375
25/11/2020;18732.12109375
26/11/2020;17150.623046875
27/11/2020;17108.40234375
28/11/2020;17717.4140625
29/11/2020;18177.484375
30/11/2020;19625.8359375
01/12/2020;18802.998046875
02/12/2020;19201.091796875
03/12/2020;19445.3984375
04/12/2020;18699.765625
05/12/2020;19154.23046875
06/12/2020;19345.12109375
07/12/2020;19191.630859375
08/12/2020;18321.14453125
09/12/2020;18553.916015625
10/12/2020;18264.9921875
11/12/2020;18058.904296875
12/12/2020;18803.65625
13/12/2020;19142.3828125
14/12/2020;19246.64453125
15/12/2020;19417.076171875
16/12/2020;21310.59765625
17/12/2020;22805.162109375
18/12/2020;23137.9609375
19/12/2020;23869.83203125
20/12/2020;23477.294921875
21/12/2020;22803.08203125
22/12/2020;23783.029296875
23/12/2020;23241.345703125
24/12/2020;23735.94921875
25/12/2020;24664.791015625
26/12/2020;26437.037109375
27/12/2020;26272.294921875
28/12/2020;27084.80859375
29/12/2020;27362.4375
30/12/2020;28840.953125
31/12/2020;29001.720703125
01/01/2021;29374.15234375
02/01/2021;32127.267578125
03/01/2021;32782.0234375
04/01/2021;31971.9140625
05/01/2021;33992.4296875
06/01/2021;36824.36328125
07/01/2021;39371.04296875
08/01/2021;40797.609375
09/01/2021;40254.546875
10/01/2021;38356.44140625
11/01/2021;35566.65625
12/01/2021;33922.9609375
13/01/2021;37316.359375
14/01/2021;39187.328125
15/01/2021;36825.3671875
16/01/2021;36178.140625
17/01/2021;35791.27734375
18/01/2021;36630.07421875
19/01/2021;36069.8046875
20/01/2021;35547.75
21/01/2021;30825.69921875
22/01/2021;33005.76171875
23/01/2021;32067.642578125
24/01/2021;32289.37890625
25/01/2021;32366.392578125
26/01/2021;32569.849609375
27/01/2021;30432.546875
28/01/2021;33466.09765625
29/01/2021;34316.38671875
30/01/2021;34269.5234375
31/01/2021;33114.359375
01/02/2021;33537.17578125
02/02/2021;35510.2890625
03/02/2021;37472.08984375
04/02/2021;36926.06640625
05/02/2021;38144.30859375
06/02/2021;39266.01171875
07/02/2021;38903.44140625
08/02/2021;46196.46484375
09/02/2021;46481.10546875
10/02/2021;44918.18359375
11/02/2021;47909.33203125
12/02/2021;47504.8515625
13/02/2021;47105.515625
14/02/2021;48717.2890625
15/02/2021;47945.05859375
16/02/2021;49199.87109375
17/02/2021;52149.0078125
18/02/2021;51679.796875
19/02/2021;55888.1328125
20/02/2021;56099.51953125
21/02/2021;57539.9453125
22/02/2021;54207.3203125
23/02/2021;48824.42578125
24/02/2021;49705.33203125
25/02/2021;47093.8515625
26/02/2021;46339.76171875
27/02/2021;46188.453125
28/02/2021;45137.76953125
01/03/2021;49631.2421875
02/03/2021;48378.98828125
03/03/2021;50538.2421875
04/03/2021;48561.16796875
05/03/2021;48927.3046875
06/03/2021;48912.3828125
07/03/2021;51206.69140625
08/03/2021;52246.5234375
09/03/2021;54824.1171875
10/03/2021;56008.55078125
11/03/2021;57805.12109375
12/03/2021;57332.08984375
13/03/2021;61243.0859375
14/03/2021;59302.31640625
15/03/2021;55907.19921875
16/03/2021;56804.90234375
17/03/2021;58870.89453125
18/03/2021;57858.921875
19/03/2021;58346.65234375
20/03/2021;58313.64453125
21/03/2021;57523.421875
22/03/2021;54529.14453125
23/03/2021;54738.9453125
24/03/2021;52774.265625
25/03/2021;51704.16015625
26/03/2021;55137.3125
27/03/2021;55973.51171875
28/03/2021;55950.74609375
29/03/2021;57750.19921875
30/03/2021;58917.69140625
31/03/2021;58918.83203125
01/04/2021;59095.80859375
02/04/2021;59384.3125
03/04/2021;57603.890625
04/04/2021;58758.5546875
05/04/2021;59057.87890625
06/04/2021;58192.359375
07/04/2021;56048.9375
08/04/2021;58323.953125
09/04/2021;58245.00390625
10/04/2021;59793.234375
11/04/2021;60204.96484375
12/04/2021;59893.453125
13/04/2021;63503.45703125
14/04/2021;63109.6953125
15/04/2021;63314.01171875
16/04/2021;61572.7890625
17/04/2021;60683.8203125
18/04/2021;56216.18359375
19/04/2021;55724.265625
20/04/2021;56473.03125
21/04/2021;53906.08984375
22/04/2021;51762.2734375
23/04/2021;51093.65234375
24/04/2021;50050.8671875
25/04/2021;49004.25390625
26/04/2021;54021.75390625
27/04/2021;55033.1171875
28/04/2021;54824.703125
29/04/2021;53555.109375
30/04/2021;57750.17578125
01/05/2021;57828.05078125
02/05/2021;56631.078125
03/05/2021;57200.29296875
04/05/2021;53333.5390625
05/05/2021;57424.0078125
06/05/2021;56396.515625
07/05/2021;57356.40234375
08/05/2021;58803.77734375
09/05/2021;58232.31640625
10/05/2021;55859.796875
11/05/2021;56704.57421875
12/05/2021;49150.53515625
13/05/2021;49716.19140625
14/05/2021;49880.53515625
15/05/2021;46760.1875
16/05/2021;46456.05859375
17/05/2021;43537.51171875
18/05/2021;42909.40234375
19/05/2021;37002.44140625
20/05/2021;40782.73828125
21/05/2021;37304.69140625
22/05/2021;37536.6328125
23/05/2021;34770.58203125
24/05/2021;38705.98046875
25/05/2021;38402.22265625
26/05/2021;39294.19921875
27/05/2021;38436.96875
28/05/2021;35697.60546875
29/05/2021;34616.06640625
30/05/2021;35678.12890625
31/05/2021;37332.85546875
01/06/2021;36684.92578125
02/06/2021;37575.1796875
03/06/2021;39208.765625
04/06/2021;36894.40625
05/06/2021;35551.95703125
06/06/2021;35862.37890625
07/06/2021;33560.70703125
08/06/2021;33472.6328125
09/06/2021;37345.12109375
10/06/2021;36702.59765625
11/06/2021;37334.3984375
12/06/2021;35552.515625
13/06/2021;39097.859375
14/06/2021;40218.4765625
15/06/2021;40406.26953125
16/06/2021;38347.0625
17/06/2021;38053.50390625
18/06/2021;35787.24609375
19/06/2021;35615.87109375
20/06/2021;35698.296875
21/06/2021;31676.693359375
22/06/2021;32505.66015625
23/06/2021;33723.02734375
24/06/2021;34662.4375
25/06/2021;31637.779296875
26/06/2021;32186.27734375
27/06/2021;34649.64453125
28/06/2021;34434.3359375
29/06/2021;35867.77734375
30/06/2021;35040.8359375
01/07/2021;33572.1171875
02/07/2021;33897.046875
03/07/2021;34668.546875
04/07/2021;35287.78125
05/07/2021;33746.00390625
06/07/2021;34235.1953125
07/07/2021;33855.328125
08/07/2021;32877.37109375
09/07/2021;33798.01171875
10/07/2021;33520.51953125
11/07/2021;34240.1875
12/07/2021;33155.84765625
13/07/2021;32702.025390625
14/07/2021;32822.34765625
15/07/2021;31780.73046875
16/07/2021;31421.5390625
17/07/2021;31533.068359375
18/07/2021;31796.810546875
19/07/2021;30817.83203125
20/07/2021;29807.34765625
21/07/2021;32110.693359375
22/07/2021;32313.10546875
23/07/2021;33581.55078125
24/07/2021;34292.4453125
25/07/2021;35350.1875
26/07/2021;37337.53515625
27/07/2021;39406.94140625
28/07/2021;39995.90625
29/07/2021;40008.421875
30/07/2021;42235.546875
31/07/2021;41626.1953125
01/08/2021;39974.89453125
02/08/2021;39201.9453125
03/08/2021;38152.98046875
04/08/2021;39747.50390625
05/08/2021;40869.5546875
06/08/2021;42816.5
07/08/2021;44555.80078125
08/08/2021;43798.1171875
09/08/2021;46365.40234375
10/08/2021;45585.03125
11/08/2021;45593.63671875
12/08/2021;44428.2890625
13/08/2021;47793.3203125
14/08/2021;47096.9453125
15/08/2021;47047.00390625
16/08/2021;46004.484375
17/08/2021;44695.359375
18/08/2021;44801.1875
19/08/2021;46717.578125
20/08/2021;49339.17578125
21/08/2021;48905.4921875
22/08/2021;49321.65234375
23/08/2021;49546.1484375
24/08/2021;47706.1171875
25/08/2021;48960.7890625
26/08/2021;46942.21875
27/08/2021;49058.66796875
28/08/2021;48902.40234375
29/08/2021;48829.83203125
30/08/2021;47054.984375
31/08/2021;47166.6875
01/09/2021;48847.02734375
02/09/2021;49327.72265625
03/09/2021;50025.375
04/09/2021;49944.625
05/09/2021;51753.41015625
06/09/2021;52633.53515625
07/09/2021;46811.12890625
08/09/2021;46091.390625
09/09/2021;46391.421875
10/09/2021;44883.91015625
11/09/2021;45201.45703125
12/09/2021;46063.26953125
13/09/2021;44963.07421875
14/09/2021;47092.4921875
15/09/2021;48176.34765625
16/09/2021;47783.359375
17/09/2021;47267.51953125
18/09/2021;48278.36328125
19/09/2021;47260.21875
20/09/2021;42843.80078125
21/09/2021;40693.67578125
22/09/2021;43574.5078125
23/09/2021;44895.09765625
24/09/2021;42839.75
25/09/2021;42716.59375
26/09/2021;43208.5390625
27/09/2021;42235.73046875
28/09/2021;41034.54296875
29/09/2021;41564.36328125
30/09/2021;43790.89453125
01/10/2021;48116.94140625
02/10/2021;47711.48828125
03/10/2021;48199.953125
04/10/2021;49112.90234375
05/10/2021;51514.8125
06/10/2021;55361.44921875
07/10/2021;53805.984375
08/10/2021;53967.84765625
09/10/2021;54968.22265625
10/10/2021;54771.578125
11/10/2021;57484.7890625
12/10/2021;56041.05859375
13/10/2021;57401.09765625
14/10/2021;57321.5234375
15/10/2021;61593.94921875
16/10/2021;60892.1796875
17/10/2021;61553.6171875
18/10/2021;62026.078125
19/10/2021;64261.9921875
20/10/2021;65992.8359375
21/10/2021;62210.171875
22/10/2021;60692.265625
23/10/2021;61393.6171875
24/10/2021;60930.8359375
25/10/2021;63039.82421875
26/10/2021;60363.79296875
27/10/2021;58482.38671875
28/10/2021;60622.13671875
29/10/2021;62227.96484375
30/10/2021;61888.83203125
31/10/2021;61318.95703125
01/11/2021;61004.40625
02/11/2021;63226.40234375
03/11/2021;62970.046875
04/11/2021;61452.23046875
05/11/2021;61125.67578125
06/11/2021;61527.48046875
07/11/2021;63326.98828125
08/11/2021;67566.828125
09/11/2021;66971.828125
10/11/2021;64995.23046875
11/11/2021;64949.9609375
12/11/2021;64155.94140625
13/11/2021;64469.52734375
14/11/2021;65466.83984375
15/11/2021;63557.87109375
16/11/2021;60161.24609375
17/11/2021;60368.01171875
18/11/2021;56942.13671875
19/11/2021;58119.578125
20/11/2021;59697.1953125
21/11/2021;58730.4765625
22/11/2021;56289.2890625
23/11/2021;57569.07421875
24/11/2021;56280.42578125
25/11/2021;57274.6796875
26/11/2021;53569.765625
27/11/2021;54815.078125
28/11/2021;57248.45703125
29/11/2021;57806.56640625
30/11/2021;57005.42578125
01/12/2021;57229.828125
02/12/2021;56477.81640625
03/12/2021;53598.24609375
04/12/2021;49200.703125
05/12/2021;49368.84765625
06/12/2021;50582.625
07/12/2021;50700.0859375
08/12/2021;50504.796875
09/12/2021;47672.12109375
10/12/2021;47243.3046875
11/12/2021;49362.5078125
12/12/2021;50098.3359375
13/12/2021;46737.48046875
14/12/2021;46612.6328125
15/12/2021;48896.72265625
16/12/2021;47665.42578125
17/12/2021;46202.14453125
18/12/2021;46848.77734375
19/12/2021;46707.015625
20/12/2021;46880.27734375
21/12/2021;48936.61328125
22/12/2021;48628.51171875
23/12/2021;50784.5390625
24/12/2021;50822.1953125
25/12/2021;50429.859375
26/12/2021;50809.515625
27/12/2021;50640.41796875
28/12/2021;47588.85546875
29/12/2021;46444.7109375
30/12/2021;47178.125
31/12/2021;46306.4453125
01/01/2022;47686.8125
